Longitude (x);Latitude (y);Station Name;Climate ID;Date/Time (UTC);Year;Month;Day;Time (UTC);Temp (C);Temp Flag;Dew Point Temp (C);Dew Point Temp Flag;Rel Hum (%);Rel Hum Flag;Precip. Amount (mm);Precip. Amount Flag;Wind Dir (10s deg);Wind Dir Flag;Wind Spd (km/h);Wind Spd Flag;Visibility (km);Visibility Flag;Stn Press (kPa);Stn Press Flag;Hmdx;Hmdx Flag;Wind Chill;Wind Chill Flag;Weather
-61.68;56.55;NAIN;8502799;2017-04-01 00:00;2017;4;1;00:00;-4.3;;-14.5;;45;;0.0;;6;;2;;;;102.23;;;;-5;;NA
-61.68;56.55;NAIN;8502799;2017-04-01 01:00;2017;4;1;01:00;-6.8;;-14.7;;53;;0.0;;26;;3;;;;102.23;;;;-8;;NA
-61.68;56.55;NAIN;8502799;2017-04-01 02:00;2017;4;1;02:00;-8.3;;-15.0;;58;;0.0;;33;;7;;;;102.24;;;;-12;;NA
-61.68;56.55;NAIN;8502799;2017-04-01 03:00;2017;4;1;03:00;-4.2;;-16.0;;39;;0.0;;31;;10;;;;102.22;;;;-8;;NA
-61.68;56.55;NAIN;8502799;2017-04-01 04:00;2017;4;1;04:00;-10.2;;-15.8;;63;;0.0;;16;;4;;;;102.25;;;;-13;;NA
-61.68;56.55;NAIN;8502799;2017-04-01 05:00;2017;4;1;05:00;-10.8;;-16.1;;65;;0.0;;1;;6;;;;102.29;;;;-14;;NA
-61.68;56.55;NAIN;8502799;2017-04-01 06:00;2017;4;1;06:00;-10.3;;-15.4;;66;;0.0;;32;;1;;;;102.33;;;;-11;;NA
-61.68;56.55;NAIN;8502799;2017-04-01 07:00;2017;4;1;07:00;-10.4;;-14.9;;70;;0.0;;0;;1;;;;102.39;;;;-11;;NA
-61.68;56.55;NAIN;8502799;2017-04-01 08:00;2017;4;1;08:00;-10.7;;-14.5;;74;;0.0;;1;;2;;;;102.43;;;;-12;;NA
-61.68;56.55;NAIN;8502799;2017-04-01 09:00;2017;4;1;09:00;-11.7;;-14.9;;77;;0.0;;32;;4;;;;102.46;;;;-14;;NA
-61.68;56.55;NAIN;8502799;2017-04-01 10:00;2017;4;1;10:00;-12.4;;-15.7;;76;;0.0;;31;;6;;;;102.50;;;;-16;;NA
-61.68;56.55;NAIN;8502799;2017-04-01 11:00;2017;4;1;11:00;-10.5;;-14.0;;75;;0.0;;31;;4;;;;102.53;;;;-13;;NA
-61.68;56.55;NAIN;8502799;2017-04-01 12:00;2017;4;1;12:00;-10.3;;-13.7;;76;;0.0;;2;;2;;;;102.53;;;;-11;;NA
-61.68;56.55;NAIN;8502799;2017-04-01 13:00;2017;4;1;13:00;-8.8;;-12.3;;76;;0.0;;7;;5;;;;102.51;;;;-12;;NA
-61.68;56.55;NAIN;8502799;2017-04-01 14:00;2017;4;1;14:00;-7.6;;-11.5;;74;;0.0;;7;;3;;;;102.48;;;;-9;;NA
-61.68;56.55;NAIN;8502799;2017-04-01 15:00;2017;4;1;15:00;-7.1;;-11.6;;70;;0.0;;8;;8;;;;102.44;;;;-11;;NA
-61.68;56.55;NAIN;8502799;2017-04-01 16:00;2017;4;1;16:00;-7.1;;-11.2;;72;;0.0;;8;;14;;;;102.37;;;;-13;;NA
-61.68;56.55;NAIN;8502799;2017-04-01 17:00;2017;4;1;17:00;-6.5;;-11.0;;70;;0.0;;8;;13;;;;102.30;;;;-12;;NA
-61.68;56.55;NAIN;8502799;2017-04-01 18:00;2017;4;1;18:00;-6.7;;-10.8;;73;;0.0;;8;;14;;;;102.25;;;;-12;;NA
-61.68;56.55;NAIN;8502799;2017-04-01 19:00;2017;4;1;19:00;-6.7;;-10.2;;76;;0.0;;9;;18;;;;102.18;;;;-13;;NA
-61.68;56.55;NAIN;8502799;2017-04-01 20:00;2017;4;1;20:00;-7.2;;-10.3;;79;;0.0;;8;;21;;;;102.13;;;;-15;;NA
-61.68;56.55;NAIN;8502799;2017-04-01 21:00;2017;4;1;21:00;-7.5;;-10.6;;79;;0.0;;8;;18;;;;102.10;;;;-14;;NA
-61.68;56.55;NAIN;8502799;2017-04-01 22:00;2017;4;1;22:00;-8.7;;-11.1;;83;;0.0;;8;;17;;;;102.09;;;;-16;;NA
-61.68;56.55;NAIN;8502799;2017-04-01 23:00;2017;4;1;23:00;-9.7;;-11.9;;84;;0.0;;9;;19;;;;102.07;;;;-17;;NA
-61.68;56.55;NAIN;8502799;2017-04-02 00:00;2017;4;2;00:00;-10.1;;-12.0;;86;;0.0;;8;;14;;;;102.07;;;;-17;;NA
-61.68;56.55;NAIN;8502799;2017-04-02 01:00;2017;4;2;01:00;-10.2;;-12.3;;85;;0.0;;5;;7;;;;102.03;;;;-14;;NA
-61.68;56.55;NAIN;8502799;2017-04-02 02:00;2017;4;2;02:00;-10.6;;-12.7;;84;;0.0;;5;;5;;;;101.99;;;;-14;;NA
-61.68;56.55;NAIN;8502799;2017-04-02 03:00;2017;4;2;03:00;-11.0;;-13.1;;85;;0.0;;32;;4;;;;101.92;;;;-13;;NA
-61.68;56.55;NAIN;8502799;2017-04-02 04:00;2017;4;2;04:00;-11.2;;-13.2;;85;;0.0;;32;;6;;;;101.87;;;;-15;;NA
-61.68;56.55;NAIN;8502799;2017-04-02 05:00;2017;4;2;05:00;-12.3;;-14.0;;88;;0.0;;32;;4;;;;101.83;;;;-15;;NA
-61.68;56.55;NAIN;8502799;2017-04-02 06:00;2017;4;2;06:00;-11.2;;-12.8;;88;;0.0;;30;;4;;;;101.80;;;;-14;;NA
-61.68;56.55;NAIN;8502799;2017-04-02 07:00;2017;4;2;07:00;-11.2;;-12.7;;89;;0.0;;35;;4;;;;101.77;;;;-14;;NA
-61.68;56.55;NAIN;8502799;2017-04-02 08:00;2017;4;2;08:00;-11.6;;-13.1;;89;;0.0;;33;;11;;;;101.74;;;;-18;;NA
-61.68;56.55;NAIN;8502799;2017-04-02 09:00;2017;4;2;09:00;-11.5;;-12.9;;89;;0.0;;32;;7;;;;101.71;;;;-16;;NA
-61.68;56.55;NAIN;8502799;2017-04-02 10:00;2017;4;2;10:00;-11.9;;-13.4;;89;;0.0;;34;;10;;;;101.71;;;;-18;;NA
-61.68;56.55;NAIN;8502799;2017-04-02 11:00;2017;4;2;11:00;-11.9;;-13.4;;89;;0.0;;1;;10;;;;101.72;;;;-18;;NA
-61.68;56.55;NAIN;8502799;2017-04-02 12:00;2017;4;2;12:00;-11.7;;-13.4;;87;;0.0;;4;;10;;;;101.70;;;;-17;;NA
-61.68;56.55;NAIN;8502799;2017-04-02 13:00;2017;4;2;13:00;-11.5;;-13.5;;85;;0.0;;7;;18;;;;101.71;;;;-19;;NA
-61.68;56.55;NAIN;8502799;2017-04-02 14:00;2017;4;2;14:00;-11.0;;-13.5;;82;;0.0;;7;;17;;;;101.71;;;;-18;;NA
-61.68;56.55;NAIN;8502799;2017-04-02 15:00;2017;4;2;15:00;-10.6;;-13.1;;81;;0.0;;8;;19;;;;101.69;;;;-18;;NA
-61.68;56.55;NAIN;8502799;2017-04-02 16:00;2017;4;2;16:00;-10.3;;-13.1;;80;;0.0;;8;;16;;;;101.68;;;;-17;;NA
-61.68;56.55;NAIN;8502799;2017-04-02 17:00;2017;4;2;17:00;-9.9;;-12.9;;79;;0.0;;8;;15;;;;101.65;;;;-17;;NA
-61.68;56.55;NAIN;8502799;2017-04-02 18:00;2017;4;2;18:00;-9.6;;-12.7;;78;;0.0;;9;;15;;;;101.65;;;;-16;;NA
-61.68;56.55;NAIN;8502799;2017-04-02 19:00;2017;4;2;19:00;-9.9;;-13.4;;76;;0.0;;10;;14;;;;101.64;;;;-16;;NA
-61.68;56.55;NAIN;8502799;2017-04-02 20:00;2017;4;2;20:00;-10.2;;-13.0;;79;;0.0;;8;;16;;;;101.64;;;;-17;;NA
-61.68;56.55;NAIN;8502799;2017-04-02 21:00;2017;4;2;21:00;-10.8;;-13.6;;80;;0.0;;8;;16;;;;101.70;;;;-18;;NA
-61.68;56.55;NAIN;8502799;2017-04-02 22:00;2017;4;2;22:00;-12.1;;-14.6;;82;;0.0;;8;;17;;;;101.74;;;;-20;;NA
-61.68;56.55;NAIN;8502799;2017-04-02 23:00;2017;4;2;23:00;-13.6;;-16.0;;82;;0.0;;9;;7;;;;101.79;;;;-18;;NA
-61.68;56.55;NAIN;8502799;2017-04-03 00:00;2017;4;3;00:00;-13.5;;-16.0;;81;;0.0;;36;;1;;;;101.83;;;;-14;;NA
-61.68;56.55;NAIN;8502799;2017-04-03 01:00;2017;4;3;01:00;-13.9;;-16.4;;81;;0.0;;36;;3;;;;101.84;;;;-16;;NA
-61.68;56.55;NAIN;8502799;2017-04-03 02:00;2017;4;3;02:00;-14.3;;-16.3;;85;;0.0;;33;;3;;;;101.87;;;;-16;;NA
-61.68;56.55;NAIN;8502799;2017-04-03 03:00;2017;4;3;03:00;-15.8;;-17.7;;85;;0.0;;30;;1;;;;101.87;;;;-17;;NA
-61.68;56.55;NAIN;8502799;2017-04-03 04:00;2017;4;3;04:00;-16.0;;-17.6;;87;;0.0;;;;0;;;;101.87;;;;;;NA
-61.68;56.55;NAIN;8502799;2017-04-03 05:00;2017;4;3;05:00;-16.1;;-17.9;;87;;0.0;;0;;1;;;;101.88;;;;-17;;NA
-61.68;56.55;NAIN;8502799;2017-04-03 06:00;2017;4;3;06:00;-19.2;;-20.9;;86;;0.0;;18;;5;;;;101.91;;;;-23;;NA
-61.68;56.55;NAIN;8502799;2017-04-03 07:00;2017;4;3;07:00;-19.9;;-21.5;;87;;0.0;;29;;6;;;;101.93;;;;-25;;NA
-61.68;56.55;NAIN;8502799;2017-04-03 08:00;2017;4;3;08:00;-20.1;;-22.0;;85;;0.0;;;;0;;;;101.97;;;;;;NA
-61.68;56.55;NAIN;8502799;2017-04-03 09:00;2017;4;3;09:00;-19.6;;-21.2;;88;;0.0;;;;0;;;;102.02;;;;;;NA
-61.68;56.55;NAIN;8502799;2017-04-03 10:00;2017;4;3;10:00;-21.0;;-22.9;;84;;0.0;;32;;3;;;;102.06;;;;-24;;NA
-61.68;56.55;NAIN;8502799;2017-04-03 11:00;2017;4;3;11:00;-18.8;;-21.2;;82;;0.0;;31;;2;;;;102.14;;;;-20;;NA
-61.68;56.55;NAIN;8502799;2017-04-03 12:00;2017;4;3;12:00;-18.2;;-21.4;;76;;0.0;;0;;1;;;;102.17;;;;-19;;NA
-61.68;56.55;NAIN;8502799;2017-04-03 13:00;2017;4;3;13:00;-14.3;;-18.2;;72;;0.0;;14;;3;;;;102.20;;;;-16;;NA
-61.68;56.55;NAIN;8502799;2017-04-03 14:00;2017;4;3;14:00;-12.2;;-17.6;;64;;0.0;;17;;3;;;;102.21;;;;-14;;NA
-61.68;56.55;NAIN;8502799;2017-04-03 15:00;2017;4;3;15:00;-10.1;;-15.6;;64;;0.0;;;;0;;;;102.21;;;;;;NA
-61.68;56.55;NAIN;8502799;2017-04-03 16:00;2017;4;3;16:00;-9.1;;-14.9;;63;;0.0;;28;;2;;;;102.23;;;;-10;;NA
-61.68;56.55;NAIN;8502799;2017-04-03 17:00;2017;4;3;17:00;-4.3;;-13.3;;49;;0.0;;13;;3;;;;102.22;;;;-6;;NA
-61.68;56.55;NAIN;8502799;2017-04-03 18:00;2017;4;3;18:00;-5.7;;-13.8;;53;;0.0;;0;;1;;;;102.23;;;;-6;;NA
-61.68;56.55;NAIN;8502799;2017-04-03 19:00;2017;4;3;19:00;-4.1;;-13.2;;49;;0.0;;13;;4;;;;102.22;;;;-6;;NA
-61.68;56.55;NAIN;8502799;2017-04-03 20:00;2017;4;3;20:00;-5.5;;-12.1;;60;;0.0;;14;;3;;;;102.24;;;;-7;;NA
-61.68;56.55;NAIN;8502799;2017-04-03 21:00;2017;4;3;21:00;-4.2;;-12.5;;52;;0.0;;25;;1;;;;102.26;;;;-5;;NA
-61.68;56.55;NAIN;8502799;2017-04-03 22:00;2017;4;3;22:00;-8.8;;-14.7;;62;;0.0;;15;;4;;;;102.27;;;;-11;;NA
-61.68;56.55;NAIN;8502799;2017-04-03 23:00;2017;4;3;23:00;-11.2;;-14.8;;74;;0.0;;0;;1;;;;102.31;;;;-12;;NA
-61.68;56.55;NAIN;8502799;2017-04-04 00:00;2017;4;4;00:00;-12.0;;-16.0;;72;;0.0;;14;;1;;;;102.32;;;;-13;;NA
-61.68;56.55;NAIN;8502799;2017-04-04 01:00;2017;4;4;01:00;-12.6;;-16.6;;72;;0.0;;34;;2;;;;102.35;;;;-14;;NA
-61.68;56.55;NAIN;8502799;2017-04-04 02:00;2017;4;4;02:00;-15.0;;-18.4;;75;;0.0;;0;;1;;;;102.32;;;;-16;;NA
-61.68;56.55;NAIN;8502799;2017-04-04 03:00;2017;4;4;03:00;-14.1;;-17.7;;74;;0.0;;;;0;;;;102.33;;;;;;NA
-61.68;56.55;NAIN;8502799;2017-04-04 04:00;2017;4;4;04:00;-16.5;;-19.0;;81;;0.0;;21;;2;;;;102.33;;;;-18;;NA
-61.68;56.55;NAIN;8502799;2017-04-04 05:00;2017;4;4;05:00;-16.2;;-18.9;;79;;0.0;;;;0;;;;102.32;;;;;;NA
-61.68;56.55;NAIN;8502799;2017-04-04 06:00;2017;4;4;06:00;-17.5;;-19.9;;82;;0.0;;9;;2;;;;102.34;;;;-19;;NA
-61.68;56.55;NAIN;8502799;2017-04-04 07:00;2017;4;4;07:00;-10.9;;-17.0;;61;;0.0;;30;;14;;;;102.35;;;;-18;;NA
-61.68;56.55;NAIN;8502799;2017-04-04 08:00;2017;4;4;08:00;-15.3;;-18.3;;78;;0.0;;33;;1;;;;102.38;;;;-16;;NA
-61.68;56.55;NAIN;8502799;2017-04-04 09:00;2017;4;4;09:00;-17.2;;-20.5;;75;;0.0;;16;;9;;;;102.42;;;;-23;;NA
-61.68;56.55;NAIN;8502799;2017-04-04 10:00;2017;4;4;10:00;-17.1;;-20.4;;75;;0.0;;0;;1;;;;102.47;;;;-18;;NA
-61.68;56.55;NAIN;8502799;2017-04-04 11:00;2017;4;4;11:00;-15.2;;-19.5;;69;;0.0;;20;;2;;;;102.48;;;;-17;;NA
-61.68;56.55;NAIN;8502799;2017-04-04 12:00;2017;4;4;12:00;-14.0;;-19.8;;62;;0.0;;18;;1;;;;102.48;;;;-15;;NA
-61.68;56.55;NAIN;8502799;2017-04-04 13:00;2017;4;4;13:00;-13.4;;-19.3;;61;;0.0;;18;;5;;;;102.48;;;;-17;;NA
-61.68;56.55;NAIN;8502799;2017-04-04 14:00;2017;4;4;14:00;-11.1;;-18.2;;56;;0.0;;14;;2;;;;102.43;;;;-12;;NA
-61.68;56.55;NAIN;8502799;2017-04-04 15:00;2017;4;4;15:00;-8.1;;-17.1;;48;;0.0;;;;0;;;;102.39;;;;;;NA
-61.68;56.55;NAIN;8502799;2017-04-04 16:00;2017;4;4;16:00;-8.1;;-14.2;;62;;0.0;;0;;1;;;;102.35;;;;-9;;NA
-61.68;56.55;NAIN;8502799;2017-04-04 17:00;2017;4;4;17:00;-7.5;;-16.0;;50;;0.0;;31;;3;;;;102.30;;;;-9;;NA
-61.68;56.55;NAIN;8502799;2017-04-04 18:00;2017;4;4;18:00;-6.6;;-13.4;;59;;0.0;;35;;2;;;;102.25;;;;-8;;NA
-61.68;56.55;NAIN;8502799;2017-04-04 19:00;2017;4;4;19:00;-7.0;;-14.1;;57;;0.0;;35;;2;;;;102.22;;;;-8;;NA
-61.68;56.55;NAIN;8502799;2017-04-04 20:00;2017;4;4;20:00;-6.5;;-15.0;;51;;0.0;;32;;3;;;;102.18;;;;-8;;NA
-61.68;56.55;NAIN;8502799;2017-04-04 21:00;2017;4;4;21:00;-7.1;;-14.9;;54;;0.0;;4;;1;;;;102.18;;;;-8;;NA
-61.68;56.55;NAIN;8502799;2017-04-04 22:00;2017;4;4;22:00;-8.5;;-14.5;;62;;0.0;;30;;11;;;;102.17;;;;-14;;NA
-61.68;56.55;NAIN;8502799;2017-04-04 23:00;2017;4;4;23:00;-12.2;;-15.7;;75;;0.0;;29;;10;;;;102.18;;;;-18;;NA
-61.68;56.55;NAIN;8502799;2017-04-05 00:00;2017;4;5;00:00;-12.7;;-16.6;;73;;0.0;;32;;6;;;;102.20;;;;-17;;NA
-61.68;56.55;NAIN;8502799;2017-04-05 01:00;2017;4;5;01:00;-12.1;;-15.8;;74;;0.0;;29;;3;;;;102.25;;;;-14;;NA
-61.68;56.55;NAIN;8502799;2017-04-05 02:00;2017;4;5;02:00;-14.3;;-17.3;;78;;0.0;;32;;3;;;;102.28;;;;-16;;NA
-61.68;56.55;NAIN;8502799;2017-04-05 03:00;2017;4;5;03:00;-14.6;;-17.8;;76;;0.0;;24;;2;;;;102.25;;;;-16;;NA
-61.68;56.55;NAIN;8502799;2017-04-05 04:00;2017;4;5;04:00;-15.2;;-17.8;;81;;0.0;;33;;3;;;;102.23;;;;-17;;NA
-61.68;56.55;NAIN;8502799;2017-04-05 05:00;2017;4;5;05:00;-17.6;;-19.6;;84;;0.0;;18;;4;;;;102.21;;;;-21;;NA
-61.68;56.55;NAIN;8502799;2017-04-05 06:00;2017;4;5;06:00;-18.6;;-20.7;;83;;0.0;;31;;2;;;;102.21;;;;-20;;NA
-61.68;56.55;NAIN;8502799;2017-04-05 07:00;2017;4;5;07:00;-19.0;;-21.3;;82;;0.0;;0;;1;;;;102.20;;;;-20;;NA
-61.68;56.55;NAIN;8502799;2017-04-05 08:00;2017;4;5;08:00;-19.0;;-20.9;;85;;0.0;;;;0;;;;102.18;;;;;;NA
-61.68;56.55;NAIN;8502799;2017-04-05 09:00;2017;4;5;09:00;-20.0;;-22.1;;83;;0.0;;12;;2;;;;102.21;;;;-22;;NA
-61.68;56.55;NAIN;8502799;2017-04-05 10:00;2017;4;5;10:00;-19.8;;-22.2;;81;;0.0;;11;;3;;;;102.22;;;;-22;;NA
-61.68;56.55;NAIN;8502799;2017-04-05 11:00;2017;4;5;11:00;-15.3;;-18.3;;78;;0.0;;24;;1;;;;102.23;;;;-16;;NA
-61.68;56.55;NAIN;8502799;2017-04-05 12:00;2017;4;5;12:00;-16.5;;-20.4;;72;;0.0;;31;;3;;;;102.23;;;;-19;;NA
-61.68;56.55;NAIN;8502799;2017-04-05 13:00;2017;4;5;13:00;-11.1;;-16.2;;66;;0.0;;17;;3;;;;102.22;;;;-13;;NA
-61.68;56.55;NAIN;8502799;2017-04-05 14:00;2017;4;5;14:00;-10.4;;-16.2;;62;;0.0;;32;;3;;;;102.18;;;;-12;;NA
-61.68;56.55;NAIN;8502799;2017-04-05 15:00;2017;4;5;15:00;-7.1;;-13.2;;62;;0.0;;33;;4;;;;102.14;;;;-9;;NA
-61.68;56.55;NAIN;8502799;2017-04-05 16:00;2017;4;5;16:00;-5.8;;-12.2;;61;;0.0;;33;;4;;;;102.09;;;;-8;;NA
-61.68;56.55;NAIN;8502799;2017-04-05 17:00;2017;4;5;17:00;-6.8;;-11.6;;69;;0.0;;7;;3;;;;102.05;;;;-8;;NA
-61.68;56.55;NAIN;8502799;2017-04-05 18:00;2017;4;5;18:00;-6.0;;-11.0;;68;;0.0;;8;;5;;;;102.02;;;;-8;;NA
-61.68;56.55;NAIN;8502799;2017-04-05 19:00;2017;4;5;19:00;-5.8;;-11.8;;63;;0.0;;36;;2;;;;102.00;;;;-7;;NA
-61.68;56.55;NAIN;8502799;2017-04-05 20:00;2017;4;5;20:00;-5.1;;-11.2;;62;;0.0;;34;;2;;;;101.98;;;;-6;;NA
-61.68;56.55;NAIN;8502799;2017-04-05 21:00;2017;4;5;21:00;-6.0;;-10.8;;69;;0.0;;33;;4;;;;101.96;;;;-8;;NA
-61.68;56.55;NAIN;8502799;2017-04-05 22:00;2017;4;5;22:00;-5.4;;-10.9;;65;;0.0;;32;;6;;;;101.95;;;;-8;;NA
-61.68;56.55;NAIN;8502799;2017-04-05 23:00;2017;4;5;23:00;-6.5;;-10.7;;72;;0.0;;31;;5;;;;101.94;;;;-9;;NA
-61.68;56.55;NAIN;8502799;2017-04-06 00:00;2017;4;6;00:00;-6.9;;-10.9;;73;;0.0;;31;;1;;;;101.96;;;;-7;;NA
-61.68;56.55;NAIN;8502799;2017-04-06 01:00;2017;4;6;01:00;-6.9;;-10.7;;74;;0.0;;0;;1;;;;101.93;;;;-7;;NA
-61.68;56.55;NAIN;8502799;2017-04-06 02:00;2017;4;6;02:00;-7.3;;-10.3;;79;;0.0;;34;;2;;;;101.92;;;;-8;;NA
-61.68;56.55;NAIN;8502799;2017-04-06 03:00;2017;4;6;03:00;-7.8;;-10.4;;82;;0.0;;17;;1;;;;101.88;;;;-8;;NA
-61.68;56.55;NAIN;8502799;2017-04-06 04:00;2017;4;6;04:00;-7.8;;-10.4;;81;;0.0;;17;;1;;;;101.83;;;;-8;;NA
-61.68;56.55;NAIN;8502799;2017-04-06 05:00;2017;4;6;05:00;-7.8;;-10.5;;81;;0.0;;17;;3;;;;101.83;;;;-9;;NA
-61.68;56.55;NAIN;8502799;2017-04-06 06:00;2017;4;6;06:00;-8.0;;-10.3;;84;;0.0;;32;;4;;;;101.79;;;;-10;;NA
-61.68;56.55;NAIN;8502799;2017-04-06 07:00;2017;4;6;07:00;-8.2;;-10.3;;85;;0.0;;32;;4;;;;101.72;;;;-10;;NA
-61.68;56.55;NAIN;8502799;2017-04-06 08:00;2017;4;6;08:00;-8.5;;-10.5;;86;;0.0;;16;;8;;;;101.71;;;;-13;;NA
-61.68;56.55;NAIN;8502799;2017-04-06 09:00;2017;4;6;09:00;-8.4;;-10.3;;86;;0.0;;16;;1;;;;101.67;;;;-9;;NA
-61.68;56.55;NAIN;8502799;2017-04-06 10:00;2017;4;6;10:00;-7.9;;-10.0;;85;;0.0;;29;;6;;;;101.61;;;;-11;;NA
-61.68;56.55;NAIN;8502799;2017-04-06 11:00;2017;4;6;11:00;-6.9;;-9.7;;80;;0.0;;22;;1;;;;101.60;;;;-7;;NA
-61.68;56.55;NAIN;8502799;2017-04-06 12:00;2017;4;6;12:00;-5.7;;-8.9;;78;;0.0;;27;;4;;;;101.57;;;;-8;;NA
-61.68;56.55;NAIN;8502799;2017-04-06 13:00;2017;4;6;13:00;-5.7;;-8.0;;84;;0.0;;10;;2;;;;101.54;;;;-7;;NA
-61.68;56.55;NAIN;8502799;2017-04-06 14:00;2017;4;6;14:00;-4.4;;-7.5;;79;;0.0;;;;0;;;;101.49;;;;;;NA
-61.68;56.55;NAIN;8502799;2017-04-06 15:00;2017;4;6;15:00;-3.7;;-6.9;;79;;0.0;;6;;2;;;;101.44;;;;-5;;NA
-61.68;56.55;NAIN;8502799;2017-04-06 16:00;2017;4;6;16:00;-2.8;;-6.2;;78;;0.0;;6;;2;;;;101.40;;;;-4;;NA
-61.68;56.55;NAIN;8502799;2017-04-06 17:00;2017;4;6;17:00;-2.1;;-5.2;;79;;0.0;;6;;3;;;;101.38;;;;-3;;NA
-61.68;56.55;NAIN;8502799;2017-04-06 18:00;2017;4;6;18:00;-2.0;;-4.8;;81;;0.0;;7;;3;;;;101.37;;;;-3;;NA
-61.68;56.55;NAIN;8502799;2017-04-06 19:00;2017;4;6;19:00;-1.7;;-4.3;;82;;0.0;;6;;3;;;;101.35;;;;-3;;NA
-61.68;56.55;NAIN;8502799;2017-04-06 20:00;2017;4;6;20:00;-1.0;;-4.1;;80;;0.0;;36;;1;;;;101.34;;;;-1;;NA
-61.68;56.55;NAIN;8502799;2017-04-06 21:00;2017;4;6;21:00;-2.1;;-4.1;;86;;0.0;;31;;4;;;;101.37;;;;-4;;NA
-61.68;56.55;NAIN;8502799;2017-04-06 22:00;2017;4;6;22:00;-2.8;;-4.4;;89;;0.0;;6;;2;;;;101.39;;;;-4;;NA
-61.68;56.55;NAIN;8502799;2017-04-06 23:00;2017;4;6;23:00;-3.3;;-4.6;;91;;0.0;;17;;3;;;;101.42;;;;-5;;NA
-61.68;56.55;NAIN;8502799;2017-04-07 00:00;2017;4;7;00:00;-3.1;;-4.2;;92;;0.0;;27;;3;;;;101.46;;;;-4;;NA
-61.68;56.55;NAIN;8502799;2017-04-07 01:00;2017;4;7;01:00;-3.1;;-4.2;;92;;0.0;;29;;8;;;;101.46;;;;-6;;NA
-61.68;56.55;NAIN;8502799;2017-04-07 02:00;2017;4;7;02:00;-3.1;;-4.1;;93;;0.0;;11;;3;;;;101.45;;;;-4;;NA
-61.68;56.55;NAIN;8502799;2017-04-07 03:00;2017;4;7;03:00;-4.8;;-6.2;;90;;0.0;;15;;4;;;;101.45;;;;-7;;NA
-61.68;56.55;NAIN;8502799;2017-04-07 04:00;2017;4;7;04:00;-6.2;;-7.1;;93;;0.0;;35;;3;;;;101.47;;;;-8;;NA
-61.68;56.55;NAIN;8502799;2017-04-07 05:00;2017;4;7;05:00;-5.4;;-6.1;;95;;0.0;;;;0;;;;101.51;;;;;;NA
-61.68;56.55;NAIN;8502799;2017-04-07 06:00;2017;4;7;06:00;-5.1;;-5.7;;95;;0.0;;14;;1;;;;101.54;;;;-6;;NA
-61.68;56.55;NAIN;8502799;2017-04-07 07:00;2017;4;7;07:00;-5.6;;-6.2;;96;;0.0;;16;;4;;;;101.56;;;;-7;;NA
-61.68;56.55;NAIN;8502799;2017-04-07 08:00;2017;4;7;08:00;-5.8;;-6.2;;97;;0.0;;18;;5;;;;101.59;;;;-8;;NA
-61.68;56.55;NAIN;8502799;2017-04-07 09:00;2017;4;7;09:00;-6.1;;-6.5;;97;;0.0;;20;;4;;;;101.60;;;;-8;;NA
-61.68;56.55;NAIN;8502799;2017-04-07 10:00;2017;4;7;10:00;-6.0;;-6.3;;98;;0.0;;34;;8;;;;101.65;;;;-10;;NA
-61.68;56.55;NAIN;8502799;2017-04-07 11:00;2017;4;7;11:00;-6.6;;-7.1;;96;;0.0;;1;;8;;;;101.70;;;;-10;;NA
-61.68;56.55;NAIN;8502799;2017-04-07 12:00;2017;4;7;12:00;-5.7;;-6.2;;96;;0.0;;32;;4;;;;101.72;;;;-8;;NA
-61.68;56.55;NAIN;8502799;2017-04-07 13:00;2017;4;7;13:00;-4.7;;-5.3;;96;;0.0;;34;;7;;;;101.74;;;;-8;;NA
-61.68;56.55;NAIN;8502799;2017-04-07 14:00;2017;4;7;14:00;-3.9;;-5.0;;92;;0.0;;33;;4;;;;101.76;;;;-6;;NA
-61.68;56.55;NAIN;8502799;2017-04-07 15:00;2017;4;7;15:00;-2.7;;-4.9;;85;;0.0;;35;;3;;;;101.73;;;;-4;;NA
-61.68;56.55;NAIN;8502799;2017-04-07 16:00;2017;4;7;16:00;-2.4;;-4.0;;89;;0.0;;8;;7;;;;101.68;;;;-5;;NA
-61.68;56.55;NAIN;8502799;2017-04-07 17:00;2017;4;7;17:00;-2.3;;-3.7;;90;;0.0;;8;;15;;;;101.62;;;;-7;;NA
-61.68;56.55;NAIN;8502799;2017-04-07 18:00;2017;4;7;18:00;-1.9;;-3.2;;91;;0.0;;9;;18;;;;101.62;;;;-7;;NA
-61.68;56.55;NAIN;8502799;2017-04-07 19:00;2017;4;7;19:00;-2.2;;-3.5;;91;;0.0;;9;;18;;;;101.56;;;;-8;;NA
-61.68;56.55;NAIN;8502799;2017-04-07 20:00;2017;4;7;20:00;-2.4;;-3.5;;92;;0.0;;8;;15;;;;101.56;;;;-7;;NA
-61.68;56.55;NAIN;8502799;2017-04-07 21:00;2017;4;7;21:00;-2.5;;-3.6;;92;;0.0;;7;;17;;;;101.51;;;;-8;;NA
-61.68;56.55;NAIN;8502799;2017-04-07 22:00;2017;4;7;22:00;-3.0;;-3.8;;94;;0.0;;7;;19;;;;101.52;;;;-9;;NA
-61.68;56.55;NAIN;8502799;2017-04-07 23:00;2017;4;7;23:00;-3.1;;-3.8;;95;;0.0;;5;;19;;;;101.41;;;;-9;;NA
-61.68;56.55;NAIN;8502799;2017-04-08 00:00;2017;4;8;00:00;-3.0;;-3.6;;95;;0.0;;5;;20;;;;101.29;;;;-9;;NA
-61.68;56.55;NAIN;8502799;2017-04-08 01:00;2017;4;8;01:00;-2.9;;-3.5;;96;;0.0;;2;;11;;;;101.24;;;;-7;;NA
-61.68;56.55;NAIN;8502799;2017-04-08 02:00;2017;4;8;02:00;-2.4;;-2.9;;96;;0.0;;6;;27;;;;101.10;;;;-9;;NA
-61.68;56.55;NAIN;8502799;2017-04-08 03:00;2017;4;8;03:00;-2.4;;-2.8;;97;;0.9;;6;;32;;;;100.93;;;;-10;;NA
-61.68;56.55;NAIN;8502799;2017-04-08 04:00;2017;4;8;04:00;-1.9;;-2.3;;98;;1.4;;8;;29;;;;100.83;;;;-9;;NA
-61.68;56.55;NAIN;8502799;2017-04-08 05:00;2017;4;8;05:00;-1.6;;-1.9;;97;;0.2;;5;;33;;;;100.69;;;;-9;;NA
-61.68;56.55;NAIN;8502799;2017-04-08 06:00;2017;4;8;06:00;-1.3;;-1.6;;98;;1.0;;6;;35;;;;100.51;;;;-9;;NA
-61.68;56.55;NAIN;8502799;2017-04-08 07:00;2017;4;8;07:00;-1.2;;-1.5;;98;;0.9;;7;;33;;;;100.42;;;;-8;;NA
-61.68;56.55;NAIN;8502799;2017-04-08 08:00;2017;4;8;08:00;-1.1;;-1.4;;98;;0.3;;6;;37;;;;100.35;;;;-9;;NA
-61.68;56.55;NAIN;8502799;2017-04-08 09:00;2017;4;8;09:00;-1.1;;-1.3;;99;;1.1;;6;;37;;;;100.15;;;;-9;;NA
-61.68;56.55;NAIN;8502799;2017-04-08 10:00;2017;4;8;10:00;-0.9;;-1.1;;99;;1.3;;6;;37;;;;100.03;;;;-8;;NA
-61.68;56.55;NAIN;8502799;2017-04-08 11:00;2017;4;8;11:00;-0.9;;-1.0;;99;;0.9;;5;;40;;;;99.94;;;;-9;;NA
-61.68;56.55;NAIN;8502799;2017-04-08 12:00;2017;4;8;12:00;-0.7;;-0.8;;100;;1.6;;5;;32;;;;99.81;;;;-8;;NA
-61.68;56.55;NAIN;8502799;2017-04-08 13:00;2017;4;8;13:00;-0.9;;-1.0;;100;;0.4;;7;;29;;;;99.75;;;;-8;;NA
-61.68;56.55;NAIN;8502799;2017-04-08 14:00;2017;4;8;14:00;-0.3;;-0.3;;100;;1.9;;3;;37;;;;99.64;;;;-8;;NA
-61.68;56.55;NAIN;8502799;2017-04-08 15:00;2017;4;8;15:00;-0.2;;-0.2;;100;;4.0;;3;;34;;;;99.53;;;;-7;;NA
-61.68;56.55;NAIN;8502799;2017-04-08 16:00;2017;4;8;16:00;0.0;;0.0;;100;;0.3;;2;;44;;;;99.48;;;;-8;;NA
-61.68;56.55;NAIN;8502799;2017-04-08 17:00;2017;4;8;17:00;0.1;;-0.1;;98;;0.4;;2;;41;;;;99.47;;;;;;NA
-61.68;56.55;NAIN;8502799;2017-04-08 18:00;2017;4;8;18:00;0.1;;0.0;;99;;0.3;;1;;39;;;;99.49;;;;;;NA
-61.68;56.55;NAIN;8502799;2017-04-08 19:00;2017;4;8;19:00;0.5;;0.2;;98;;0.2;;1;;34;;;;99.57;;;;;;NA
-61.68;56.55;NAIN;8502799;2017-04-08 20:00;2017;4;8;20:00;0.4;;-0.1;;96;;0.0;;36;;38;;;;99.69;;;;;;NA
-61.68;56.55;NAIN;8502799;2017-04-08 21:00;2017;4;8;21:00;0.6;;-0.3;;93;;0.0;;35;;32;;;;99.74;;;;;;NA
-61.68;56.55;NAIN;8502799;2017-04-08 22:00;2017;4;8;22:00;0.3;;-1.2;;89;;0.0;;34;;36;;;;99.82;;;;;;NA
-61.68;56.55;NAIN;8502799;2017-04-08 23:00;2017;4;8;23:00;0.1;;-1.6;;89;;0.0;;32;;35;;;;99.93;;;;;;NA
-61.68;56.55;NAIN;8502799;2017-04-09 00:00;2017;4;9;00:00;-0.4;;-2.5;;86;;0.0;;32;;36;;;;100.02;;;;-8;;NA
-61.68;56.55;NAIN;8502799;2017-04-09 01:00;2017;4;9;01:00;-1.2;;-3.4;;86;;0.0;;32;;33;;;;100.07;;;;-8;;NA
-61.68;56.55;NAIN;8502799;2017-04-09 02:00;2017;4;9;02:00;-1.5;;-3.9;;84;;0.0;;32;;34;;;;100.12;;;;-9;;NA
-61.68;56.55;NAIN;8502799;2017-04-09 03:00;2017;4;9;03:00;-1.6;;-4.1;;83;;0.0;;32;;36;;;;100.11;;;;-9;;NA
-61.68;56.55;NAIN;8502799;2017-04-09 04:00;2017;4;9;04:00;-1.3;;-4.4;;79;;0.0;;32;;32;;;;100.13;;;;-8;;NA
-61.68;56.55;NAIN;8502799;2017-04-09 05:00;2017;4;9;05:00;-2.0;;-5.2;;79;;0.0;;30;;23;;;;100.19;;;;-8;;NA
-61.68;56.55;NAIN;8502799;2017-04-09 06:00;2017;4;9;06:00;-1.8;;-5.8;;74;;0.0;;31;;22;;;;100.22;;;;-8;;NA
-61.68;56.55;NAIN;8502799;2017-04-09 07:00;2017;4;9;07:00;-2.0;;-6.0;;74;;0.0;;30;;26;;;;100.28;;;;-9;;NA
-61.68;56.55;NAIN;8502799;2017-04-09 08:00;2017;4;9;08:00;-1.9;;-6.1;;73;;0.0;;30;;29;;;;100.31;;;;-9;;NA
-61.68;56.55;NAIN;8502799;2017-04-09 09:00;2017;4;9;09:00;-2.6;;-6.5;;75;;0.0;;29;;22;;;;100.37;;;;-9;;NA
-61.68;56.55;NAIN;8502799;2017-04-09 10:00;2017;4;9;10:00;-2.9;;-6.9;;74;;0.0;;29;;23;;;;100.44;;;;-9;;NA
-61.68;56.55;NAIN;8502799;2017-04-09 11:00;2017;4;9;11:00;-2.4;;-7.3;;69;;0.0;;31;;35;;;;100.53;;;;-10;;NA
-61.68;56.55;NAIN;8502799;2017-04-09 12:00;2017;4;9;12:00;-1.4;;-6.6;;68;;0.0;;30;;27;;;;100.57;;;;-8;;NA
-61.68;56.55;NAIN;8502799;2017-04-09 13:00;2017;4;9;13:00;-1.1;;-6.5;;67;;0.0;;30;;23;;;;100.60;;;;-7;;NA
-61.68;56.55;NAIN;8502799;2017-04-09 14:00;2017;4;9;14:00;-0.8;;-6.2;;67;;0.0;;31;;25;;;;100.65;;;;-7;;NA
-61.68;56.55;NAIN;8502799;2017-04-09 15:00;2017;4;9;15:00;0.1;;-5.9;;64;;0.0;;30;;19;;;;100.70;;;;;;NA
-61.68;56.55;NAIN;8502799;2017-04-09 16:00;2017;4;9;16:00;1.1;;-5.8;;60;;0.0;;30;;16;;;;100.75;;;;;;NA
-61.68;56.55;NAIN;8502799;2017-04-09 17:00;2017;4;9;17:00;1.7;;-5.5;;59;;0.0;;30;;15;;;;100.75;;;;;;NA
-61.68;56.55;NAIN;8502799;2017-04-09 18:00;2017;4;9;18:00;2.5;;-5.8;;54;;0.0;;31;;13;;;;100.76;;;;;;NA
-61.68;56.55;NAIN;8502799;2017-04-09 19:00;2017;4;9;19:00;2.8;;-4.9;;57;;0.0;;31;;14;;;;100.78;;;;;;NA
-61.68;56.55;NAIN;8502799;2017-04-09 20:00;2017;4;9;20:00;3.4;;-4.9;;55;;0.0;;30;;14;;;;100.78;;;;;;NA
-61.68;56.55;NAIN;8502799;2017-04-09 21:00;2017;4;9;21:00;2.9;;-4.7;;57;;0.0;;27;;8;;;;100.79;;;;;;NA
-61.68;56.55;NAIN;8502799;2017-04-09 22:00;2017;4;9;22:00;0.8;;-4.1;;70;;0.0;;25;;12;;;;100.83;;;;;;NA
-61.68;56.55;NAIN;8502799;2017-04-09 23:00;2017;4;9;23:00;-0.3;;-4.9;;71;;0.0;;25;;22;;;;100.85;;;;-6;;NA
-61.68;56.55;NAIN;8502799;2017-04-10 00:00;2017;4;10;00:00;-1.4;;-6.0;;71;;0.0;;27;;20;;;;100.89;;;;-7;;NA
-61.68;56.55;NAIN;8502799;2017-04-10 01:00;2017;4;10;01:00;-2.2;;-6.5;;73;;0.0;;17;;8;;;;100.90;;;;-5;;NA
-61.68;56.55;NAIN;8502799;2017-04-10 02:00;2017;4;10;02:00;-3.2;;-6.9;;76;;0.0;;11;;2;;;;100.87;;;;-4;;NA
-61.68;56.55;NAIN;8502799;2017-04-10 03:00;2017;4;10;03:00;-3.7;;-7.1;;78;;0.0;;16;;5;;;;100.83;;;;-6;;NA
-61.68;56.55;NAIN;8502799;2017-04-10 04:00;2017;4;10;04:00;-3.8;;-7.0;;78;;0.0;;15;;3;;;;100.77;;;;-5;;NA
-61.68;56.55;NAIN;8502799;2017-04-10 05:00;2017;4;10;05:00;-3.3;;-7.2;;74;;0.0;;22;;7;;;;100.76;;;;-6;;NA
-61.68;56.55;NAIN;8502799;2017-04-10 06:00;2017;4;10;06:00;-3.8;;-7.3;;77;;0.0;;20;;18;;;;100.71;;;;-10;;NA
-61.68;56.55;NAIN;8502799;2017-04-10 07:00;2017;4;10;07:00;-2.7;;-6.7;;74;;0.0;;20;;19;;;;100.63;;;;-8;;NA
-61.68;56.55;NAIN;8502799;2017-04-10 08:00;2017;4;10;08:00;-2.7;;-6.5;;75;;0.0;;22;;15;;;;100.57;;;;-8;;NA
-61.68;56.55;NAIN;8502799;2017-04-10 09:00;2017;4;10;09:00;-2.4;;-6.3;;75;;0.0;;21;;14;;;;100.51;;;;-7;;NA
-61.68;56.55;NAIN;8502799;2017-04-10 10:00;2017;4;10;10:00;-2.2;;-5.9;;75;;0.0;;23;;12;;;;100.52;;;;-6;;NA
-61.68;56.55;NAIN;8502799;2017-04-10 11:00;2017;4;10;11:00;-2.8;;-4.2;;90;;0.5;;22;;8;;;;100.47;;;;-6;;NA
-61.68;56.55;NAIN;8502799;2017-04-10 12:00;2017;4;10;12:00;-2.2;;-3.6;;90;;0.2;;22;;11;;;;100.44;;;;-6;;NA
-61.68;56.55;NAIN;8502799;2017-04-10 13:00;2017;4;10;13:00;-1.0;;-2.7;;88;;0.0;;18;;13;;;;100.42;;;;-5;;NA
-61.68;56.55;NAIN;8502799;2017-04-10 14:00;2017;4;10;14:00;0.6;;-2.4;;80;;0.0;;35;;7;;;;100.43;;;;;;NA
-61.68;56.55;NAIN;8502799;2017-04-10 15:00;2017;4;10;15:00;1.5;;-1.7;;79;;0.0;;0;;1;;;;100.40;;;;;;NA
-61.68;56.55;NAIN;8502799;2017-04-10 16:00;2017;4;10;16:00;4.8;;-0.5;;68;;0.0;;25;;29;;;;100.39;;;;;;NA
-61.68;56.55;NAIN;8502799;2017-04-10 17:00;2017;4;10;17:00;6.0;;0.3;;67;;0.0;;26;;25;;;;100.45;;;;;;NA
-61.68;56.55;NAIN;8502799;2017-04-10 18:00;2017;4;10;18:00;6.0;;0.6;;68;;0.0;;25;;19;;;;100.47;;;;;;NA
-61.68;56.55;NAIN;8502799;2017-04-10 19:00;2017;4;10;19:00;6.1;;0.6;;68;;0.0;;26;;17;;;;100.55;;;;;;NA
-61.68;56.55;NAIN;8502799;2017-04-10 20:00;2017;4;10;20:00;5.9;;0.4;;68;;0.0;;29;;30;;;;100.59;;;;;;NA
-61.68;56.55;NAIN;8502799;2017-04-10 21:00;2017;4;10;21:00;5.8;;0.2;;67;;0.0;;26;;20;;;;100.58;;;;;;NA
-61.68;56.55;NAIN;8502799;2017-04-10 22:00;2017;4;10;22:00;4.6;;-0.2;;71;;0.0;;27;;16;;;;100.66;;;;;;NA
-61.68;56.55;NAIN;8502799;2017-04-10 23:00;2017;4;10;23:00;3.2;;-1.1;;73;;0.0;;29;;27;;;;100.73;;;;;;NA
-61.68;56.55;NAIN;8502799;2017-04-11 00:00;2017;4;11;00:00;2.6;;-1.8;;73;;0.0;;31;;23;;;;100.78;;;;;;NA
-61.68;56.55;NAIN;8502799;2017-04-11 01:00;2017;4;11;01:00;1.5;;-2.9;;72;;0.0;;30;;21;;;;100.77;;;;;;NA
-61.68;56.55;NAIN;8502799;2017-04-11 02:00;2017;4;11;02:00;0.7;;-3.9;;71;;0.0;;30;;25;;;;100.80;;;;;;NA
-61.68;56.55;NAIN;8502799;2017-04-11 03:00;2017;4;11;03:00;-0.4;;-4.5;;74;;0.0;;31;;24;;;;100.84;;;;-6;;NA
-61.68;56.55;NAIN;8502799;2017-04-11 04:00;2017;4;11;04:00;-2.1;;-5.1;;80;;0.5;;30;;32;;;;100.88;;;;-9;;NA
-61.68;56.55;NAIN;8502799;2017-04-11 05:00;2017;4;11;05:00;-3.6;;-5.2;;88;;0.9;;30;;37;;;;100.88;;;;-12;;NA
-61.68;56.55;NAIN;8502799;2017-04-11 06:00;2017;4;11;06:00;-4.2;;-5.6;;90;;1.3;;30;;39;;;;100.94;;;;-13;;NA
-61.68;56.55;NAIN;8502799;2017-04-11 07:00;2017;4;11;07:00;-5.3;;-6.6;;90;;0.9;;30;;40;;;;101.01;;;;-14;;NA
-61.68;56.55;NAIN;8502799;2017-04-11 08:00;2017;4;11;08:00;-5.6;;-7.6;;86;;0.6;;30;;35;;;;101.07;;;;-14;;NA
-61.68;56.55;NAIN;8502799;2017-04-11 09:00;2017;4;11;09:00;-5.1;;-10.3;;67;;0.3;;29;;34;;;;101.18;;;;-14;;NA
-61.68;56.55;NAIN;8502799;2017-04-11 10:00;2017;4;11;10:00;-6.1;;-13.0;;58;;0.0;;30;;37;;;;101.30;;;;-15;;NA
-61.68;56.55;NAIN;8502799;2017-04-11 11:00;2017;4;11;11:00;-7.6;;-15.2;;55;;0.0;;30;;44;;;;101.45;;;;-18;;NA
-61.68;56.55;NAIN;8502799;2017-04-11 12:00;2017;4;11;12:00;-7.5;;-15.4;;54;;0.0;;29;;32;;;;101.54;;;;-17;;NA
-61.68;56.55;NAIN;8502799;2017-04-11 13:00;2017;4;11;13:00;-6.5;;-15.5;;49;;0.0;;30;;42;;;;101.63;;;;-16;;NA
-61.68;56.55;NAIN;8502799;2017-04-11 14:00;2017;4;11;14:00;-7.4;;-14.4;;57;;0.0;;30;;48;;;;101.72;;;;-18;;NA
-61.68;56.55;NAIN;8502799;2017-04-11 15:00;2017;4;11;15:00;-6.7;;-14.8;;53;;0.0;;29;;38;;;;101.82;;;;-16;;NA
-61.68;56.55;NAIN;8502799;2017-04-11 16:00;2017;4;11;16:00;-5.9;;-14.7;;50;;0.0;;30;;32;;;;101.91;;;;-14;;NA
-61.68;56.55;NAIN;8502799;2017-04-11 17:00;2017;4;11;17:00;-6.0;;-15.6;;47;;0.0;;30;;14;;;;101.97;;;;-12;;NA
-61.68;56.55;NAIN;8502799;2017-04-11 18:00;2017;4;11;18:00;-5.2;;-14.5;;48;;0.0;;28;;18;;;;101.99;;;;-11;;NA
-61.68;56.55;NAIN;8502799;2017-04-11 19:00;2017;4;11;19:00;-4.9;;-13.9;;49;;0.0;;28;;25;;;;101.96;;;;-12;;NA
-61.68;56.55;NAIN;8502799;2017-04-11 20:00;2017;4;11;20:00;-4.9;;-13.0;;53;;0.0;;27;;28;;;;102.01;;;;-13;;NA
-61.68;56.55;NAIN;8502799;2017-04-11 21:00;2017;4;11;21:00;-4.5;;-12.5;;54;;0.0;;27;;35;;;;102.00;;;;-13;;NA
-61.68;56.55;NAIN;8502799;2017-04-11 22:00;2017;4;11;22:00;-4.5;;-12.0;;56;;0.0;;27;;13;;;;102.03;;;;-10;;NA
-61.68;56.55;NAIN;8502799;2017-04-11 23:00;2017;4;11;23:00;-4.6;;-12.1;;56;;0.0;;26;;24;;;;102.08;;;;-12;;NA
-61.68;56.55;NAIN;8502799;2017-04-12 00:00;2017;4;12;00:00;-4.2;;-11.9;;55;;0.0;;25;;22;;;;102.06;;;;-11;;NA
-61.68;56.55;NAIN;8502799;2017-04-12 01:00;2017;4;12;01:00;-4.8;;-11.7;;59;;0.0;;23;;23;;;;102.04;;;;-12;;NA
-61.68;56.55;NAIN;8502799;2017-04-12 02:00;2017;4;12;02:00;-4.9;;-11.3;;60;;0.0;;22;;17;;;;102.02;;;;-11;;NA
-61.68;56.55;NAIN;8502799;2017-04-12 03:00;2017;4;12;03:00;-5.6;;-11.7;;62;;0.0;;23;;14;;;;102.00;;;;-11;;NA
-61.68;56.55;NAIN;8502799;2017-04-12 04:00;2017;4;12;04:00;-7.0;;-12.1;;67;;0.0;;20;;6;;;;101.97;;;;-10;;NA
-61.68;56.55;NAIN;8502799;2017-04-12 05:00;2017;4;12;05:00;-6.4;;-12.0;;64;;0.0;;19;;7;;;;101.95;;;;-10;;NA
-61.68;56.55;NAIN;8502799;2017-04-12 06:00;2017;4;12;06:00;-6.3;;-11.9;;65;;0.0;;11;;3;;;;101.90;;;;-8;;NA
-61.68;56.55;NAIN;8502799;2017-04-12 07:00;2017;4;12;07:00;-6.2;;-11.5;;66;;0.0;;21;;6;;;;101.88;;;;-9;;NA
-61.68;56.55;NAIN;8502799;2017-04-12 08:00;2017;4;12;08:00;-6.7;;-11.5;;69;;0.0;;23;;8;;;;101.87;;;;-11;;NA
-61.68;56.55;NAIN;8502799;2017-04-12 09:00;2017;4;12;09:00;-5.6;;-11.4;;64;;0.0;;24;;28;;;;101.90;;;;-14;;NA
-61.68;56.55;NAIN;8502799;2017-04-12 10:00;2017;4;12;10:00;-4.9;;-11.2;;61;;0.0;;24;;31;;;;101.89;;;;-13;;NA
-61.68;56.55;NAIN;8502799;2017-04-12 11:00;2017;4;12;11:00;-4.3;;-10.9;;60;;0.0;;24;;28;;;;101.89;;;;-12;;NA
-61.68;56.55;NAIN;8502799;2017-04-12 12:00;2017;4;12;12:00;-1.2;;-10.0;;51;;0.0;;25;;28;;;;101.90;;;;-8;;NA
-61.68;56.55;NAIN;8502799;2017-04-12 13:00;2017;4;12;13:00;0.0;;-9.4;;49;;0.0;;27;;18;;;;101.93;;;;-5;;NA
-61.68;56.55;NAIN;8502799;2017-04-12 14:00;2017;4;12;14:00;-0.5;;-9.2;;52;;0.0;;29;;32;;;;102.01;;;;-7;;NA
-61.68;56.55;NAIN;8502799;2017-04-12 15:00;2017;4;12;15:00;0.2;;-9.2;;49;;0.0;;29;;29;;;;102.07;;;;;;NA
-61.68;56.55;NAIN;8502799;2017-04-12 16:00;2017;4;12;16:00;0.0;;-9.6;;48;;0.0;;29;;40;;;;102.08;;;;-7;;NA
-61.68;56.55;NAIN;8502799;2017-04-12 17:00;2017;4;12;17:00;0.3;;-8.8;;51;;0.0;;29;;41;;;;102.11;;;;;;NA
-61.68;56.55;NAIN;8502799;2017-04-12 18:00;2017;4;12;18:00;-0.2;;-7.5;;58;;0.0;;31;;33;;;;102.18;;;;-7;;NA
-61.68;56.55;NAIN;8502799;2017-04-12 19:00;2017;4;12;19:00;0.4;;-8.7;;50;;0.0;;30;;26;;;;102.26;;;;;;NA
-61.68;56.55;NAIN;8502799;2017-04-12 20:00;2017;4;12;20:00;0.7;;-8.8;;49;;0.0;;29;;25;;;;102.30;;;;;;NA
-61.68;56.55;NAIN;8502799;2017-04-12 21:00;2017;4;12;21:00;-0.5;;-8.7;;54;;0.0;;31;;26;;;;102.31;;;;-7;;NA
-61.68;56.55;NAIN;8502799;2017-04-12 22:00;2017;4;12;22:00;-1.5;;-8.9;;57;;0.0;;31;;22;;;;102.36;;;;-7;;NA
-61.68;56.55;NAIN;8502799;2017-04-12 23:00;2017;4;12;23:00;-2.4;;-9.0;;60;;0.0;;29;;11;;;;102.40;;;;-6;;NA
-61.68;56.55;NAIN;8502799;2017-04-13 00:00;2017;4;13;00:00;-2.7;;-9.5;;60;;0.0;;30;;18;;;;102.44;;;;-8;;NA
-61.68;56.55;NAIN;8502799;2017-04-13 01:00;2017;4;13;01:00;-3.7;;-9.5;;64;;0.0;;29;;6;;;;102.45;;;;-6;;NA
-61.68;56.55;NAIN;8502799;2017-04-13 02:00;2017;4;13;02:00;-7.0;;-11.5;;70;;0.0;;24;;1;;;;102.48;;;;-8;;NA
-61.68;56.55;NAIN;8502799;2017-04-13 03:00;2017;4;13;03:00;-6.9;;-10.8;;74;;0.0;;23;;4;;;;102.49;;;;-9;;NA
-61.68;56.55;NAIN;8502799;2017-04-13 04:00;2017;4;13;04:00;-7.5;;-11.2;;74;;0.0;;14;;3;;;;102.48;;;;-9;;NA
-61.68;56.55;NAIN;8502799;2017-04-13 05:00;2017;4;13;05:00;-8.5;;-11.7;;78;;0.0;;29;;7;;;;102.44;;;;-12;;NA
-61.68;56.55;NAIN;8502799;2017-04-13 06:00;2017;4;13;06:00;-10.3;;-12.6;;83;;0.0;;1;;3;;;;102.42;;;;-12;;NA
-61.68;56.55;NAIN;8502799;2017-04-13 07:00;2017;4;13;07:00;-10.6;;-12.8;;84;;0.0;;21;;1;;;;102.43;;;;-11;;NA
-61.68;56.55;NAIN;8502799;2017-04-13 08:00;2017;4;13;08:00;-10.6;;-12.5;;86;;0.0;;18;;4;;;;102.41;;;;-13;;NA
-61.68;56.55;NAIN;8502799;2017-04-13 09:00;2017;4;13;09:00;-11.9;;-13.6;;87;;0.0;;20;;2;;;;102.41;;;;-13;;NA
-61.68;56.55;NAIN;8502799;2017-04-13 10:00;2017;4;13;10:00;-11.0;;-13.1;;84;;0.0;;17;;8;;;;102.43;;;;-16;;NA
-61.68;56.55;NAIN;8502799;2017-04-13 11:00;2017;4;13;11:00;-10.3;;-13.6;;76;;0.0;;17;;6;;;;102.46;;;;-14;;NA
-61.68;56.55;NAIN;8502799;2017-04-13 12:00;2017;4;13;12:00;-7.0;;-11.9;;68;;0.0;;32;;26;;;;102.47;;;;-15;;NA
-61.68;56.55;NAIN;8502799;2017-04-13 13:00;2017;4;13;13:00;-5.9;;-11.5;;65;;0.0;;29;;25;;;;102.46;;;;-13;;NA
-61.68;56.55;NAIN;8502799;2017-04-13 14:00;2017;4;13;14:00;-4.9;;-11.0;;62;;0.0;;30;;28;;;;102.38;;;;-13;;NA
-61.68;56.55;NAIN;8502799;2017-04-13 15:00;2017;4;13;15:00;-3.1;;-10.8;;55;;0.0;;32;;19;;;;102.36;;;;-9;;NA
-61.68;56.55;NAIN;8502799;2017-04-13 16:00;2017;4;13;16:00;-2.6;;-11.0;;53;;0.0;;31;;21;;;;102.32;;;;-9;;NA
-61.68;56.55;NAIN;8502799;2017-04-13 17:00;2017;4;13;17:00;-2.3;;-10.8;;52;;0.0;;35;;14;;;;102.35;;;;-7;;NA
-61.68;56.55;NAIN;8502799;2017-04-13 18:00;2017;4;13;18:00;-3.8;;-7.2;;77;;0.0;;9;;25;;;;102.38;;;;-11;;NA
-61.68;56.55;NAIN;8502799;2017-04-13 19:00;2017;4;13;19:00;-4.1;;-7.5;;77;;0.0;;7;;22;;;;102.37;;;;-11;;NA
-61.68;56.55;NAIN;8502799;2017-04-13 20:00;2017;4;13;20:00;-4.6;;-7.9;;78;;0.0;;7;;23;;;;102.38;;;;-12;;NA
-61.68;56.55;NAIN;8502799;2017-04-13 21:00;2017;4;13;21:00;-5.3;;-8.3;;79;;0.0;;7;;22;;;;102.39;;;;-12;;NA
-61.68;56.55;NAIN;8502799;2017-04-13 22:00;2017;4;13;22:00;-6.7;;-9.6;;80;;0.0;;8;;18;;;;102.42;;;;-13;;NA
-61.68;56.55;NAIN;8502799;2017-04-13 23:00;2017;4;13;23:00;-8.3;;-11.8;;76;;0.0;;9;;14;;;;102.47;;;;-14;;NA
-61.68;56.55;NAIN;8502799;2017-04-14 00:00;2017;4;14;00:00;-7.9;;-11.8;;74;;0.0;;32;;5;;;;102.49;;;;-11;;NA
-61.68;56.55;NAIN;8502799;2017-04-14 01:00;2017;4;14;01:00;-7.7;;-11.3;;75;;0.0;;32;;6;;;;102.49;;;;-11;;NA
-61.68;56.55;NAIN;8502799;2017-04-14 02:00;2017;4;14;02:00;-7.7;;-11.3;;75;;0.0;;9;;1;;;;102.47;;;;-8;;NA
-61.68;56.55;NAIN;8502799;2017-04-14 03:00;2017;4;14;03:00;-7.9;;-11.4;;76;;0.0;;30;;4;;;;102.44;;;;-10;;NA
-61.68;56.55;NAIN;8502799;2017-04-14 04:00;2017;4;14;04:00;-8.3;;-11.2;;79;;0.0;;32;;4;;;;102.40;;;;-10;;NA
-61.68;56.55;NAIN;8502799;2017-04-14 05:00;2017;4;14;05:00;-8.5;;-11.2;;81;;0.0;;28;;1;;;;102.40;;;;-9;;NA
-61.68;56.55;NAIN;8502799;2017-04-14 06:00;2017;4;14;06:00;-8.9;;-11.2;;83;;0.0;;0;;1;;;;102.38;;;;-9;;NA
-61.68;56.55;NAIN;8502799;2017-04-14 07:00;2017;4;14;07:00;-9.5;;-11.8;;84;;0.0;;0;;1;;;;102.37;;;;-10;;NA
-61.68;56.55;NAIN;8502799;2017-04-14 08:00;2017;4;14;08:00;-10.0;;-12.1;;84;;0.0;;18;;5;;;;102.37;;;;-13;;NA
-61.68;56.55;NAIN;8502799;2017-04-14 09:00;2017;4;14;09:00;-10.0;;-12.1;;85;;0.0;;13;;1;;;;102.36;;;;-11;;NA
-61.68;56.55;NAIN;8502799;2017-04-14 10:00;2017;4;14;10:00;-10.2;;-12.3;;85;;0.0;;20;;5;;;;102.38;;;;-13;;NA
-61.68;56.55;NAIN;8502799;2017-04-14 11:00;2017;4;14;11:00;-9.5;;-12.3;;80;;0.0;;19;;6;;;;102.35;;;;-13;;NA
-61.68;56.55;NAIN;8502799;2017-04-14 12:00;2017;4;14;12:00;-8.4;;-11.8;;76;;0.0;;18;;3;;;;102.34;;;;-10;;NA
-61.68;56.55;NAIN;8502799;2017-04-14 13:00;2017;4;14;13:00;-7.4;;-10.9;;76;;0.0;;31;;3;;;;102.31;;;;-9;;NA
-61.68;56.55;NAIN;8502799;2017-04-14 14:00;2017;4;14;14:00;-6.5;;-12.3;;63;;0.0;;26;;12;;;;102.27;;;;-12;;NA
-61.68;56.55;NAIN;8502799;2017-04-14 15:00;2017;4;14;15:00;-6.1;;-13.5;;56;;0.0;;25;;11;;;;102.22;;;;-11;;NA
-61.68;56.55;NAIN;8502799;2017-04-14 16:00;2017;4;14;16:00;-5.2;;-14.2;;49;;0.0;;27;;14;;;;102.14;;;;-11;;NA
-61.68;56.55;NAIN;8502799;2017-04-14 17:00;2017;4;14;17:00;-4.9;;-14.4;;47;;0.0;;30;;20;;;;102.08;;;;-11;;NA
-61.68;56.55;NAIN;8502799;2017-04-14 18:00;2017;4;14;18:00;-4.9;;-14.5;;47;;0.0;;30;;24;;;;102.03;;;;-12;;NA
-61.68;56.55;NAIN;8502799;2017-04-14 19:00;2017;4;14;19:00;-4.7;;-13.8;;49;;0.0;;30;;22;;;;102.01;;;;-12;;NA
-61.68;56.55;NAIN;8502799;2017-04-14 20:00;2017;4;14;20:00;-5.4;;-13.6;;52;;0.0;;29;;25;;;;102.02;;;;-13;;NA
-61.68;56.55;NAIN;8502799;2017-04-14 21:00;2017;4;14;21:00;-5.6;;-13.8;;52;;0.0;;29;;18;;;;102.00;;;;-12;;NA
-61.68;56.55;NAIN;8502799;2017-04-14 22:00;2017;4;14;22:00;-7.5;;-14.2;;59;;0.0;;28;;16;;;;101.99;;;;-14;;NA
-61.68;56.55;NAIN;8502799;2017-04-14 23:00;2017;4;14;23:00;-9.1;;-14.9;;63;;0.0;;28;;11;;;;102.01;;;;-15;;NA
-61.68;56.55;NAIN;8502799;2017-04-15 00:00;2017;4;15;00:00;-10.6;;-15.8;;65;;0.0;;27;;3;;;;102.00;;;;-12;;NA
-61.68;56.55;NAIN;8502799;2017-04-15 01:00;2017;4;15;01:00;-10.7;;-16.2;;64;;0.0;;28;;13;;;;101.97;;;;-17;;NA
-61.68;56.55;NAIN;8502799;2017-04-15 02:00;2017;4;15;02:00;-10.2;;-17.2;;56;;0.0;;29;;18;;;;101.92;;;;-18;;NA
-61.68;56.55;NAIN;8502799;2017-04-15 03:00;2017;4;15;03:00;-11.6;;-17.3;;63;;0.0;;14;;6;;;;101.90;;;;-15;;NA
-61.68;56.55;NAIN;8502799;2017-04-15 04:00;2017;4;15;04:00;-13.1;;-17.4;;70;;0.0;;30;;4;;;;101.88;;;;-16;;NA
-61.68;56.55;NAIN;8502799;2017-04-15 05:00;2017;4;15;05:00;-14.5;;-18.2;;73;;0.0;;15;;3;;;;101.87;;;;-17;;NA
-61.68;56.55;NAIN;8502799;2017-04-15 06:00;2017;4;15;06:00;-15.8;;-18.8;;77;;0.0;;10;;3;;;;101.87;;;;-18;;NA
-61.68;56.55;NAIN;8502799;2017-04-15 07:00;2017;4;15;07:00;-15.7;;-19.1;;75;;0.0;;30;;5;;;;101.84;;;;-19;;NA
-61.68;56.55;NAIN;8502799;2017-04-15 08:00;2017;4;15;08:00;-13.3;;-18.5;;65;;0.0;;13;;5;;;;101.84;;;;-17;;NA
-61.68;56.55;NAIN;8502799;2017-04-15 09:00;2017;4;15;09:00;-12.3;;-18.5;;60;;0.0;;30;;20;;;;101.85;;;;-21;;NA
-61.68;56.55;NAIN;8502799;2017-04-15 10:00;2017;4;15;10:00;-12.3;;-18.6;;59;;0.0;;30;;15;;;;101.87;;;;-20;;NA
-61.68;56.55;NAIN;8502799;2017-04-15 11:00;2017;4;15;11:00;-11.5;;-17.8;;60;;0.0;;28;;19;;;;101.88;;;;-20;;NA
-61.68;56.55;NAIN;8502799;2017-04-15 12:00;2017;4;15;12:00;-10.6;;-17.5;;57;;0.0;;30;;23;;;;101.83;;;;-19;;NA
-61.68;56.55;NAIN;8502799;2017-04-15 13:00;2017;4;15;13:00;-9.6;;-16.9;;55;;0.0;;30;;23;;;;101.80;;;;-18;;NA
-61.68;56.55;NAIN;8502799;2017-04-15 14:00;2017;4;15;14:00;-8.5;;-16.5;;52;;0.0;;30;;16;;;;101.80;;;;-15;;NA
-61.68;56.55;NAIN;8502799;2017-04-15 15:00;2017;4;15;15:00;-7.5;;-16.6;;48;;0.0;;30;;15;;;;101.76;;;;-14;;NA
-61.68;56.55;NAIN;8502799;2017-04-15 16:00;2017;4;15;16:00;-6.9;;-17.0;;44;;0.0;;30;;17;;;;101.74;;;;-13;;NA
-61.68;56.55;NAIN;8502799;2017-04-15 17:00;2017;4;15;17:00;-6.4;;-15.7;;48;;0.0;;30;;23;;;;101.73;;;;-14;;NA
-61.68;56.55;NAIN;8502799;2017-04-15 18:00;2017;4;15;18:00;-7.1;;-16.9;;45;;0.0;;31;;26;;;;101.72;;;;-15;;NA
-61.68;56.55;NAIN;8502799;2017-04-15 19:00;2017;4;15;19:00;-7.5;;-17.8;;43;;0.0;;31;;25;;;;101.71;;;;-16;;NA
-61.68;56.55;NAIN;8502799;2017-04-15 20:00;2017;4;15;20:00;-8.3;;-17.5;;47;;0.0;;30;;25;;;;101.73;;;;-17;;NA
-61.68;56.55;NAIN;8502799;2017-04-15 21:00;2017;4;15;21:00;-8.7;;-17.5;;49;;0.0;;29;;27;;;;101.75;;;;-17;;NA
-61.68;56.55;NAIN;8502799;2017-04-15 22:00;2017;4;15;22:00;-9.8;;-18.0;;51;;0.0;;30;;26;;;;101.79;;;;-19;;NA
-61.68;56.55;NAIN;8502799;2017-04-15 23:00;2017;4;15;23:00;-10.9;;-18.2;;55;;0.0;;29;;30;;;;101.83;;;;-21;;NA
-61.68;56.55;NAIN;8502799;2017-04-16 00:00;2017;4;16;00:00;-11.8;;-18.8;;56;;0.0;;29;;26;;;;101.84;;;;-21;;NA
-61.68;56.55;NAIN;8502799;2017-04-16 01:00;2017;4;16;01:00;-12.6;;-19.5;;56;;0.0;;29;;24;;;;101.83;;;;-22;;NA
-61.68;56.55;NAIN;8502799;2017-04-16 02:00;2017;4;16;02:00;-13.2;;-20.0;;57;;0.0;;29;;20;;;;101.83;;;;-22;;NA
-61.68;56.55;NAIN;8502799;2017-04-16 03:00;2017;4;16;03:00;-13.9;;-20.4;;58;;0.0;;27;;27;;;;101.83;;;;-24;;NA
-61.68;56.55;NAIN;8502799;2017-04-16 04:00;2017;4;16;04:00;-14.1;;-19.6;;63;;0.0;;27;;22;;;;101.80;;;;-23;;NA
-61.68;56.55;NAIN;8502799;2017-04-16 05:00;2017;4;16;05:00;-16.3;;-20.6;;69;;0.0;;27;;11;;;;101.78;;;;-23;;NA
-61.68;56.55;NAIN;8502799;2017-04-16 06:00;2017;4;16;06:00;-16.7;;-20.7;;71;;0.0;;27;;16;;;;101.75;;;;-25;;NA
-61.68;56.55;NAIN;8502799;2017-04-16 07:00;2017;4;16;07:00;-17.3;;-20.7;;75;;0.0;;12;;8;;;;101.77;;;;-23;;NA
-61.68;56.55;NAIN;8502799;2017-04-16 08:00;2017;4;16;08:00;-17.1;;-20.3;;76;;0.0;;18;;2;;;;101.76;;;;-19;;NA
-61.68;56.55;NAIN;8502799;2017-04-16 09:00;2017;4;16;09:00;-18.7;;-21.6;;78;;0.0;;17;;5;;;;101.75;;;;-23;;NA
-61.68;56.55;NAIN;8502799;2017-04-16 10:00;2017;4;16;10:00;-18.8;;-21.7;;78;;0.0;;12;;2;;;;101.77;;;;-20;;NA
-61.68;56.55;NAIN;8502799;2017-04-16 11:00;2017;4;16;11:00;-16.2;;-20.2;;71;;0.0;;15;;4;;;;101.77;;;;-19;;NA
-61.68;56.55;NAIN;8502799;2017-04-16 12:00;2017;4;16;12:00;-16.0;;-20.0;;71;;0.0;;11;;5;;;;101.78;;;;-20;;NA
-61.68;56.55;NAIN;8502799;2017-04-16 13:00;2017;4;16;13:00;-14.5;;-19.7;;65;;0.0;;16;;6;;;;101.77;;;;-19;;NA
-61.68;56.55;NAIN;8502799;2017-04-16 14:00;2017;4;16;14:00;-13.6;;-18.5;;66;;0.0;;10;;7;;;;101.75;;;;-18;;NA
-61.68;56.55;NAIN;8502799;2017-04-16 15:00;2017;4;16;15:00;-12.0;;-17.8;;62;;0.0;;1;;5;;;;101.69;;;;-15;;NA
-61.68;56.55;NAIN;8502799;2017-04-16 16:00;2017;4;16;16:00;-11.6;;-16.8;;65;;0.0;;5;;5;;;;101.63;;;;-15;;NA
-61.68;56.55;NAIN;8502799;2017-04-16 17:00;2017;4;16;17:00;-10.8;;-16.8;;61;;0.0;;4;;6;;;;101.59;;;;-14;;NA
-61.68;56.55;NAIN;8502799;2017-04-16 18:00;2017;4;16;18:00;-10.0;;-16.5;;59;;0.0;;4;;3;;;;101.56;;;;-12;;NA
-61.68;56.55;NAIN;8502799;2017-04-16 19:00;2017;4;16;19:00;-9.7;;-19.7;;44;;0.0;;32;;25;;;;101.54;;;;-18;;NA
-61.68;56.55;NAIN;8502799;2017-04-16 20:00;2017;4;16;20:00;-10.3;;-19.7;;46;;0.0;;29;;28;;;;101.53;;;;-20;;NA
-61.68;56.55;NAIN;8502799;2017-04-16 21:00;2017;4;16;21:00;-11.0;;-20.1;;47;;0.0;;31;;26;;;;101.54;;;;-20;;NA
-61.68;56.55;NAIN;8502799;2017-04-16 22:00;2017;4;16;22:00;-12.5;;-20.2;;52;;0.0;;29;;36;;;;101.56;;;;-24;;NA
-61.68;56.55;NAIN;8502799;2017-04-16 23:00;2017;4;16;23:00;-13.9;;-21.6;;52;;0.0;;29;;22;;;;101.62;;;;-23;;NA
-61.68;56.55;NAIN;8502799;2017-04-17 00:00;2017;4;17;00:00;-15.7;;-22.5;;56;;0.0;;30;;21;;;;101.67;;;;-25;;NA
-61.68;56.55;NAIN;8502799;2017-04-17 01:00;2017;4;17;01:00;-16.6;;-23.5;;55;;0.0;;29;;27;;;;101.66;;;;-28;;NA
-61.68;56.55;NAIN;8502799;2017-04-17 02:00;2017;4;17;02:00;-16.6;;-23.5;;55;;0.0;;30;;47;;;;101.65;;;;-30;;NA
-61.68;56.55;NAIN;8502799;2017-04-17 03:00;2017;4;17;03:00;-16.7;;-23.5;;56;;0.0;;29;;35;;;;101.66;;;;-29;;NA
-61.68;56.55;NAIN;8502799;2017-04-17 04:00;2017;4;17;04:00;-16.6;;-23.3;;56;;0.0;;29;;39;;;;101.65;;;;-29;;NA
-61.68;56.55;NAIN;8502799;2017-04-17 05:00;2017;4;17;05:00;-17.1;;-23.3;;59;;0.0;;29;;29;;;;101.66;;;;-29;;NA
-61.68;56.55;NAIN;8502799;2017-04-17 06:00;2017;4;17;06:00;-17.5;;-23.6;;59;;0.0;;29;;26;;;;101.61;;;;-29;;NA
-61.68;56.55;NAIN;8502799;2017-04-17 07:00;2017;4;17;07:00;-17.9;;-24.1;;58;;0.0;;29;;14;;;;101.59;;;;-26;;NA
-61.68;56.55;NAIN;8502799;2017-04-17 08:00;2017;4;17;08:00;-18.5;;-24.5;;59;;0.0;;27;;23;;;;101.54;;;;-29;;NA
-61.68;56.55;NAIN;8502799;2017-04-17 09:00;2017;4;17;09:00;-18.9;;-25.1;;58;;0.0;;28;;19;;;;101.54;;;;-29;;NA
-61.68;56.55;NAIN;8502799;2017-04-17 10:00;2017;4;17;10:00;-17.8;;-23.7;;60;;0.0;;29;;26;;;;101.54;;;;-29;;NA
-61.68;56.55;NAIN;8502799;2017-04-17 11:00;2017;4;17;11:00;-16.9;;-23.4;;57;;0.0;;29;;33;;;;101.57;;;;-29;;NA
-61.68;56.55;NAIN;8502799;2017-04-17 12:00;2017;4;17;12:00;-15.5;;-22.4;;55;;0.0;;29;;43;;;;101.54;;;;-28;;NA
-61.68;56.55;NAIN;8502799;2017-04-17 13:00;2017;4;17;13:00;-14.3;;-21.5;;54;;0.0;;29;;49;;;;101.57;;;;-28;;NA
-61.68;56.55;NAIN;8502799;2017-04-17 14:00;2017;4;17;14:00;-12.7;;-20.6;;51;;0.0;;30;;34;;;;101.60;;;;-24;;NA
-61.68;56.55;NAIN;8502799;2017-04-17 15:00;2017;4;17;15:00;-11.7;;-19.6;;52;;0.0;;30;;47;;;;101.59;;;;-24;;NA
-61.68;56.55;NAIN;8502799;2017-04-17 16:00;2017;4;17;16:00;-10.3;;-18.5;;51;;0.0;;30;;36;;;;101.62;;;;-21;;NA
-61.68;56.55;NAIN;8502799;2017-04-17 17:00;2017;4;17;17:00;-9.9;;-18.2;;51;;0.0;;29;;36;;;;101.68;;;;-20;;NA
-61.68;56.55;NAIN;8502799;2017-04-17 18:00;2017;4;17;18:00;-9.9;;-18.6;;49;;0.0;;30;;42;;;;101.73;;;;-21;;NA
-61.68;56.55;NAIN;8502799;2017-04-17 19:00;2017;4;17;19:00;-9.8;;-18.1;;51;;0.0;;30;;41;;;;101.80;;;;-21;;NA
-61.68;56.55;NAIN;8502799;2017-04-17 20:00;2017;4;17;20:00;-9.7;;-17.8;;52;;0.0;;30;;39;;;;101.91;;;;-20;;NA
-61.68;56.55;NAIN;8502799;2017-04-17 21:00;2017;4;17;21:00;-10.0;;-18.0;;52;;0.0;;30;;31;;;;102.00;;;;-20;;NA
-61.68;56.55;NAIN;8502799;2017-04-17 22:00;2017;4;17;22:00;-11.0;;-18.5;;54;;0.0;;30;;32;;;;102.10;;;;-21;;NA
-61.68;56.55;NAIN;8502799;2017-04-17 23:00;2017;4;17;23:00;-11.7;;-18.7;;56;;0.0;;29;;38;;;;102.15;;;;-23;;NA
-61.68;56.55;NAIN;8502799;2017-04-18 00:00;2017;4;18;00:00;-12.2;;-19.2;;56;;0.0;;29;;31;;;;102.21;;;;-23;;NA
-61.68;56.55;NAIN;8502799;2017-04-18 01:00;2017;4;18;01:00;-12.4;;-19.5;;55;;0.0;;30;;42;;;;102.21;;;;-24;;NA
-61.68;56.55;NAIN;8502799;2017-04-18 02:00;2017;4;18;02:00;-12.6;;-19.2;;58;;0.0;;29;;33;;;;102.25;;;;-23;;NA
-61.68;56.55;NAIN;8502799;2017-04-18 03:00;2017;4;18;03:00;-13.0;;-19.3;;59;;0.0;;30;;42;;;;102.25;;;;-25;;NA
-61.68;56.55;NAIN;8502799;2017-04-18 04:00;2017;4;18;04:00;-13.7;;-19.8;;60;;0.0;;28;;20;;;;102.32;;;;-23;;NA
-61.68;56.55;NAIN;8502799;2017-04-18 05:00;2017;4;18;05:00;-13.6;;-20.0;;58;;0.0;;29;;29;;;;102.37;;;;-24;;NA
-61.68;56.55;NAIN;8502799;2017-04-18 06:00;2017;4;18;06:00;-13.6;;-20.3;;57;;0.0;;29;;32;;;;102.42;;;;-25;;NA
-61.68;56.55;NAIN;8502799;2017-04-18 07:00;2017;4;18;07:00;-13.5;;-20.5;;56;;0.0;;29;;22;;;;102.51;;;;-23;;NA
-61.68;56.55;NAIN;8502799;2017-04-18 08:00;2017;4;18;08:00;-14.0;;-20.8;;56;;0.0;;28;;14;;;;102.58;;;;-21;;NA
-61.68;56.55;NAIN;8502799;2017-04-18 09:00;2017;4;18;09:00;-15.5;;-21.6;;59;;0.0;;11;;3;;;;102.68;;;;-18;;NA
-61.68;56.55;NAIN;8502799;2017-04-18 10:00;2017;4;18;10:00;-14.5;;-21.6;;55;;0.0;;27;;12;;;;102.76;;;;-21;;NA
-61.68;56.55;NAIN;8502799;2017-04-18 11:00;2017;4;18;11:00;-12.6;;-21.6;;47;;0.0;;28;;25;;;;102.81;;;;-22;;NA
-61.68;56.55;NAIN;8502799;2017-04-18 12:00;2017;4;18;12:00;-11.0;;-20.0;;48;;0.0;;26;;8;;;;102.85;;;;-16;;NA
-61.68;56.55;NAIN;8502799;2017-04-18 13:00;2017;4;18;13:00;-10.9;;-19.4;;49;;0.0;;26;;24;;;;102.82;;;;-20;;NA
-61.68;56.55;NAIN;8502799;2017-04-18 14:00;2017;4;18;14:00;-10.3;;-19.1;;48;;0.0;;26;;25;;;;102.88;;;;-19;;NA
-61.68;56.55;NAIN;8502799;2017-04-18 15:00;2017;4;18;15:00;-10.1;;-18.4;;51;;0.0;;27;;23;;;;102.89;;;;-19;;NA
-61.68;56.55;NAIN;8502799;2017-04-18 16:00;2017;4;18;16:00;-8.9;;-17.6;;49;;0.0;;27;;16;;;;102.86;;;;-16;;NA
-61.68;56.55;NAIN;8502799;2017-04-18 17:00;2017;4;18;17:00;-9.3;;-17.8;;50;;0.0;;28;;25;;;;102.86;;;;-18;;NA
-61.68;56.55;NAIN;8502799;2017-04-18 18:00;2017;4;18;18:00;-8.3;;-17.1;;49;;0.0;;28;;28;;;;102.86;;;;-17;;NA
-61.68;56.55;NAIN;8502799;2017-04-18 19:00;2017;4;18;19:00;-8.0;;-16.4;;51;;0.0;;27;;30;;;;102.86;;;;-17;;NA
-61.68;56.55;NAIN;8502799;2017-04-18 20:00;2017;4;18;20:00;-6.8;;-16.6;;45;;0.0;;27;;20;;;;102.85;;;;-14;;NA
-61.68;56.55;NAIN;8502799;2017-04-18 21:00;2017;4;18;21:00;-5.9;;-15.7;;46;;0.0;;28;;12;;;;102.78;;;;-11;;NA
-61.68;56.55;NAIN;8502799;2017-04-18 22:00;2017;4;18;22:00;-7.4;;-14.9;;55;;0.0;;4;;5;;;;102.74;;;;-10;;NA
-61.68;56.55;NAIN;8502799;2017-04-18 23:00;2017;4;18;23:00;-7.3;;-14.7;;55;;0.0;;14;;6;;;;102.69;;;;-10;;NA
-61.68;56.55;NAIN;8502799;2017-04-19 00:00;2017;4;19;00:00;-7.7;;-15.6;;53;;0.0;;11;;6;;;;102.67;;;;-11;;NA
-61.68;56.55;NAIN;8502799;2017-04-19 01:00;2017;4;19;01:00;-6.8;;-15.4;;50;;0.0;;22;;11;;;;102.62;;;;-12;;NA
-61.68;56.55;NAIN;8502799;2017-04-19 02:00;2017;4;19;02:00;-7.1;;-15.2;;52;;0.0;;18;;8;;;;102.60;;;;-11;;NA
-61.68;56.55;NAIN;8502799;2017-04-19 03:00;2017;4;19;03:00;-7.0;;-15.0;;53;;0.0;;16;;10;;;;102.54;;;;-12;;NA
-61.68;56.55;NAIN;8502799;2017-04-19 04:00;2017;4;19;04:00;-6.1;;-14.3;;52;;0.0;;22;;8;;;;102.48;;;;-10;;NA
-61.68;56.55;NAIN;8502799;2017-04-19 05:00;2017;4;19;05:00;-5.9;;-14.2;;52;;0.0;;24;;6;;;;102.46;;;;-9;;NA
-61.68;56.55;NAIN;8502799;2017-04-19 06:00;2017;4;19;06:00;-5.5;;-13.9;;51;;0.0;;19;;15;;;;102.40;;;;-11;;NA
-61.68;56.55;NAIN;8502799;2017-04-19 07:00;2017;4;19;07:00;-5.4;;-13.7;;52;;0.0;;19;;9;;;;102.38;;;;-9;;NA
-61.68;56.55;NAIN;8502799;2017-04-19 08:00;2017;4;19;08:00;-5.6;;-13.1;;55;;0.0;;20;;11;;;;102.36;;;;-10;;NA
-61.68;56.55;NAIN;8502799;2017-04-19 09:00;2017;4;19;09:00;-5.7;;-12.6;;59;;0.0;;20;;4;;;;102.35;;;;-8;;NA
-61.68;56.55;NAIN;8502799;2017-04-19 10:00;2017;4;19;10:00;-5.0;;-12.7;;55;;0.0;;21;;4;;;;102.36;;;;-7;;NA
-61.68;56.55;NAIN;8502799;2017-04-19 11:00;2017;4;19;11:00;-3.4;;-12.2;;51;;0.0;;24;;6;;;;102.34;;;;-6;;NA
-61.68;56.55;NAIN;8502799;2017-04-19 12:00;2017;4;19;12:00;-1.3;;-12.3;;43;;0.0;;27;;5;;;;102.30;;;;-3;;NA
-61.68;56.55;NAIN;8502799;2017-04-19 13:00;2017;4;19;13:00;-1.5;;-11.1;;48;;0.0;;19;;13;;;;102.25;;;;-6;;NA
-61.68;56.55;NAIN;8502799;2017-04-19 14:00;2017;4;19;14:00;0.6;;-11.2;;41;;0.0;;25;;9;;;;102.19;;;;;;NA
-61.68;56.55;NAIN;8502799;2017-04-19 15:00;2017;4;19;15:00;1.7;;-12.0;;35;;0.0;;27;;18;;;;102.12;;;;;;NA
-61.68;56.55;NAIN;8502799;2017-04-19 16:00;2017;4;19;16:00;3.0;;-9.6;;39;;0.0;;27;;21;;;;102.04;;;;;;NA
-61.68;56.55;NAIN;8502799;2017-04-19 17:00;2017;4;19;17:00;4.1;;-8.2;;40;;0.0;;28;;28;;;;102.00;;;;;;NA
-61.68;56.55;NAIN;8502799;2017-04-19 18:00;2017;4;19;18:00;4.9;;-8.6;;37;;0.0;;28;;19;;;;101.99;;;;;;NA
-61.68;56.55;NAIN;8502799;2017-04-19 19:00;2017;4;19;19:00;4.0;;-6.0;;48;;0.0;;28;;25;;;;101.98;;;;;;NA
-61.68;56.55;NAIN;8502799;2017-04-19 20:00;2017;4;19;20:00;3.7;;-5.5;;51;;0.0;;29;;15;;;;101.94;;;;;;NA
-61.68;56.55;NAIN;8502799;2017-04-19 21:00;2017;4;19;21:00;2.8;;-3.7;;62;;0.0;;30;;8;;;;101.94;;;;;;NA
-61.68;56.55;NAIN;8502799;2017-04-19 22:00;2017;4;19;22:00;2.5;;-3.4;;65;;0.0;;32;;4;;;;101.95;;;;;;NA
-61.68;56.55;NAIN;8502799;2017-04-19 23:00;2017;4;19;23:00;1.3;;-3.2;;71;;0.0;;12;;1;;;;101.96;;;;;;NA
-61.68;56.55;NAIN;8502799;2017-04-20 00:00;2017;4;20;00:00;0.4;;-3.3;;76;;0.0;;31;;4;;;;101.98;;;;;;NA
-61.68;56.55;NAIN;8502799;2017-04-20 01:00;2017;4;20;01:00;0.1;;-3.1;;79;;0.0;;8;;2;;;;101.95;;;;;;NA
-61.68;56.55;NAIN;8502799;2017-04-20 02:00;2017;4;20;02:00;-0.2;;-3.6;;78;;0.0;;2;;7;;;;101.92;;;;-3;;NA
-61.68;56.55;NAIN;8502799;2017-04-20 03:00;2017;4;20;03:00;-0.5;;-3.3;;82;;0.0;;32;;3;;;;101.93;;;;-1;;NA
-61.68;56.55;NAIN;8502799;2017-04-20 04:00;2017;4;20;04:00;-0.4;;-2.9;;83;;0.0;;28;;1;;;;101.91;;;;-1;;NA
-61.68;56.55;NAIN;8502799;2017-04-20 05:00;2017;4;20;05:00;-1.1;;-2.6;;90;;0.0;;;;0;;;;101.87;;;;;;NA
-61.68;56.55;NAIN;8502799;2017-04-20 06:00;2017;4;20;06:00;-0.1;;-1.1;;93;;0.0;;13;;8;;;;101.84;;;;-3;;NA
-61.68;56.55;NAIN;8502799;2017-04-20 07:00;2017;4;20;07:00;0.6;;-0.7;;92;;0.3;;18;;16;;;;101.81;;;;;;NA
-61.68;56.55;NAIN;8502799;2017-04-20 08:00;2017;4;20;08:00;0.6;;-0.7;;91;;0.0;;22;;10;;;;101.80;;;;;;NA
-61.68;56.55;NAIN;8502799;2017-04-20 09:00;2017;4;20;09:00;0.8;;-0.7;;90;;0.0;;22;;9;;;;101.85;;;;;;NA
-61.68;56.55;NAIN;8502799;2017-04-20 10:00;2017;4;20;10:00;1.1;;-0.7;;88;;0.0;;6;;2;;;;101.90;;;;;;NA
-61.68;56.55;NAIN;8502799;2017-04-20 11:00;2017;4;20;11:00;1.1;;-0.8;;88;;0.0;;29;;14;;;;101.95;;;;;;NA
-61.68;56.55;NAIN;8502799;2017-04-20 12:00;2017;4;20;12:00;0.3;;-1.3;;89;;0.0;;30;;12;;;;102.00;;;;;;NA
-61.68;56.55;NAIN;8502799;2017-04-20 13:00;2017;4;20;13:00;1.0;;-1.1;;86;;0.0;;30;;12;;;;102.04;;;;;;NA
-61.68;56.55;NAIN;8502799;2017-04-20 14:00;2017;4;20;14:00;1.2;;-1.1;;84;;0.0;;32;;13;;;;102.09;;;;;;NA
-61.68;56.55;NAIN;8502799;2017-04-20 15:00;2017;4;20;15:00;0.3;;-0.8;;92;;0.3;;7;;11;;;;102.16;;;;;;NA
-61.68;56.55;NAIN;8502799;2017-04-20 16:00;2017;4;20;16:00;0.0;;-1.0;;93;;0.2;;8;;18;;;;102.21;;;;-5;;NA
-61.68;56.55;NAIN;8502799;2017-04-20 17:00;2017;4;20;17:00;-0.3;;-1.4;;92;;0.3;;9;;21;;;;102.25;;;;-6;;NA
-61.68;56.55;NAIN;8502799;2017-04-20 18:00;2017;4;20;18:00;-0.1;;-1.4;;91;;0.0;;8;;22;;;;102.30;;;;-6;;NA
-61.68;56.55;NAIN;8502799;2017-04-20 19:00;2017;4;20;19:00;-1.1;;-2.8;;88;;0.0;;7;;23;;;;102.38;;;;-7;;NA
-61.68;56.55;NAIN;8502799;2017-04-20 20:00;2017;4;20;20:00;-1.7;;-3.7;;86;;0.2;;8;;13;;;;102.49;;;;-6;;NA
-61.68;56.55;NAIN;8502799;2017-04-20 21:00;2017;4;20;21:00;-2.1;;-3.8;;88;;0.0;;8;;25;;;;102.54;;;;-9;;NA
-61.68;56.55;NAIN;8502799;2017-04-20 22:00;2017;4;20;22:00;-3.2;;-4.6;;90;;0.0;;8;;21;;;;102.65;;;;-9;;NA
-61.68;56.55;NAIN;8502799;2017-04-20 23:00;2017;4;20;23:00;-3.9;;-5.4;;90;;0.0;;8;;24;;;;102.74;;;;-11;;NA
-61.68;56.55;NAIN;8502799;2017-04-21 00:00;2017;4;21;00:00;-4.3;;-5.6;;91;;0.0;;7;;24;;;;102.84;;;;-11;;NA
-61.68;56.55;NAIN;8502799;2017-04-21 01:00;2017;4;21;01:00;-4.8;;-5.8;;92;;0.0;;8;;22;;;;102.92;;;;-12;;NA
-61.68;56.55;NAIN;8502799;2017-04-21 02:00;2017;4;21;02:00;-5.0;;-6.0;;93;;0.0;;9;;18;;;;102.94;;;;-11;;NA
-61.68;56.55;NAIN;8502799;2017-04-21 03:00;2017;4;21;03:00;-5.4;;-6.3;;93;;0.0;;8;;17;;;;102.95;;;;-11;;NA
-61.68;56.55;NAIN;8502799;2017-04-21 04:00;2017;4;21;04:00;-5.6;;-6.7;;92;;0.2;;8;;15;;;;102.97;;;;-11;;NA
-61.68;56.55;NAIN;8502799;2017-04-21 05:00;2017;4;21;05:00;-6.0;;-7.2;;91;;0.0;;8;;16;;;;102.99;;;;-12;;NA
-61.68;56.55;NAIN;8502799;2017-04-21 06:00;2017;4;21;06:00;-6.2;;-7.5;;91;;0.0;;9;;15;;;;103.04;;;;-12;;NA
-61.68;56.55;NAIN;8502799;2017-04-21 07:00;2017;4;21;07:00;-6.8;;-8.4;;88;;0.0;;10;;16;;;;103.13;;;;-13;;NA
-61.68;56.55;NAIN;8502799;2017-04-21 08:00;2017;4;21;08:00;-7.0;;-8.4;;90;;0.0;;7;;18;;;;103.16;;;;-14;;NA
-61.68;56.55;NAIN;8502799;2017-04-21 09:00;2017;4;21;09:00;-7.3;;-9.0;;88;;0.0;;8;;17;;;;103.25;;;;-14;;NA
-61.68;56.55;NAIN;8502799;2017-04-21 10:00;2017;4;21;10:00;-7.3;;-9.3;;85;;0.0;;7;;16;;;;103.35;;;;-14;;NA
-61.68;56.55;NAIN;8502799;2017-04-21 11:00;2017;4;21;11:00;-7.4;;-9.6;;84;;0.0;;7;;17;;;;103.41;;;;-14;;NA
-61.68;56.55;NAIN;8502799;2017-04-21 12:00;2017;4;21;12:00;-7.0;;-9.6;;82;;0.0;;8;;15;;;;103.43;;;;-13;;NA
-61.68;56.55;NAIN;8502799;2017-04-21 13:00;2017;4;21;13:00;-6.4;;-9.4;;79;;0.0;;8;;13;;;;103.42;;;;-12;;NA
-61.68;56.55;NAIN;8502799;2017-04-21 14:00;2017;4;21;14:00;-5.4;;-8.7;;77;;0.0;;8;;14;;;;103.41;;;;-11;;NA
-61.68;56.55;NAIN;8502799;2017-04-21 15:00;2017;4;21;15:00;-5.3;;-8.6;;78;;0.0;;7;;11;;;;103.39;;;;-10;;NA
-61.68;56.55;NAIN;8502799;2017-04-21 16:00;2017;4;21;16:00;-4.7;;-7.9;;78;;0.0;;8;;13;;;;103.34;;;;-10;;NA
-61.68;56.55;NAIN;8502799;2017-04-21 17:00;2017;4;21;17:00;-4.4;;-7.5;;79;;0.0;;8;;15;;;;103.32;;;;-10;;NA
-61.68;56.55;NAIN;8502799;2017-04-21 18:00;2017;4;21;18:00;-4.1;;-7.2;;79;;0.0;;9;;18;;;;103.26;;;;-10;;NA
-61.68;56.55;NAIN;8502799;2017-04-21 19:00;2017;4;21;19:00;-4.3;;-7.2;;80;;0.0;;13;;18;;;;103.26;;;;-10;;NA
-61.68;56.55;NAIN;8502799;2017-04-21 20:00;2017;4;21;20:00;-4.2;;-7.3;;79;;0.0;;13;;17;;;;103.26;;;;-10;;NA
-61.68;56.55;NAIN;8502799;2017-04-21 21:00;2017;4;21;21:00;-4.7;;-7.7;;79;;0.0;;13;;17;;;;103.25;;;;-11;;NA
-61.68;56.55;NAIN;8502799;2017-04-21 22:00;2017;4;21;22:00;-5.2;;-7.4;;84;;0.0;;13;;20;;;;103.19;;;;-12;;NA
-61.68;56.55;NAIN;8502799;2017-04-21 23:00;2017;4;21;23:00;-5.6;;-7.8;;84;;0.0;;14;;20;;;;103.18;;;;-12;;NA
-61.68;56.55;NAIN;8502799;2017-04-22 00:00;2017;4;22;00:00;-5.7;;-7.7;;85;;0.0;;15;;17;;;;103.22;;;;-12;;NA
-61.68;56.55;NAIN;8502799;2017-04-22 01:00;2017;4;22;01:00;-5.7;;-7.8;;85;;0.0;;14;;13;;;;103.18;;;;-11;;NA
-61.68;56.55;NAIN;8502799;2017-04-22 02:00;2017;4;22;02:00;-5.8;;-7.8;;86;;0.0;;14;;12;;;;103.14;;;;-11;;NA
-61.68;56.55;NAIN;8502799;2017-04-22 03:00;2017;4;22;03:00;-5.5;;-7.5;;86;;0.0;;14;;11;;;;103.10;;;;-10;;NA
-61.68;56.55;NAIN;8502799;2017-04-22 04:00;2017;4;22;04:00;-5.2;;-7.6;;83;;0.0;;14;;12;;;;103.03;;;;-10;;NA
-61.68;56.55;NAIN;8502799;2017-04-22 05:00;2017;4;22;05:00;-5.7;;-7.8;;85;;0.0;;12;;14;;;;102.97;;;;-11;;NA
-61.68;56.55;NAIN;8502799;2017-04-22 06:00;2017;4;22;06:00;-6.4;;-8.7;;84;;0.0;;36;;3;;;;102.94;;;;-8;;NA
-61.68;56.55;NAIN;8502799;2017-04-22 07:00;2017;4;22;07:00;-6.4;;-8.2;;87;;0.0;;20;;2;;;;102.90;;;;-7;;NA
-61.68;56.55;NAIN;8502799;2017-04-22 08:00;2017;4;22;08:00;-6.4;;-7.9;;89;;0.0;;34;;8;;;;102.87;;;;-10;;NA
-61.68;56.55;NAIN;8502799;2017-04-22 09:00;2017;4;22;09:00;-6.9;;-8.7;;88;;0.0;;35;;4;;;;102.86;;;;-9;;NA
-61.68;56.55;NAIN;8502799;2017-04-22 10:00;2017;4;22;10:00;-7.0;;-8.6;;88;;0.0;;21;;3;;;;102.87;;;;-9;;NA
-61.68;56.55;NAIN;8502799;2017-04-22 11:00;2017;4;22;11:00;-5.5;;-8.4;;80;;0.0;;0;;1;;;;102.84;;;;-6;;NA
-61.68;56.55;NAIN;8502799;2017-04-22 12:00;2017;4;22;12:00;-6.3;;-8.9;;82;;0.0;;8;;2;;;;102.79;;;;-7;;NA
-61.68;56.55;NAIN;8502799;2017-04-22 13:00;2017;4;22;13:00;-3.2;;-7.4;;73;;0.0;;33;;3;;;;102.75;;;;-4;;NA
-61.68;56.55;NAIN;8502799;2017-04-22 14:00;2017;4;22;14:00;-2.1;;-6.9;;70;;0.0;;32;;4;;;;102.69;;;;-4;;NA
-61.68;56.55;NAIN;8502799;2017-04-22 15:00;2017;4;22;15:00;-2.3;;-6.2;;74;;0.0;;33;;4;;;;102.64;;;;-4;;NA
-61.68;56.55;NAIN;8502799;2017-04-22 16:00;2017;4;22;16:00;-0.8;;-4.9;;74;;0.0;;33;;3;;;;102.53;;;;-2;;NA
-61.68;56.55;NAIN;8502799;2017-04-22 17:00;2017;4;22;17:00;0.9;;-3.5;;72;;0.0;;12;;20;;;;102.44;;;;;;NA
-61.68;56.55;NAIN;8502799;2017-04-22 18:00;2017;4;22;18:00;0.7;;-3.6;;73;;0.0;;14;;19;;;;102.35;;;;;;NA
-61.68;56.55;NAIN;8502799;2017-04-22 19:00;2017;4;22;19:00;0.6;;-3.3;;75;;0.0;;14;;19;;;;102.29;;;;;;NA
-61.68;56.55;NAIN;8502799;2017-04-22 20:00;2017;4;22;20:00;0.3;;-3.2;;78;;0.0;;14;;23;;;;102.26;;;;;;NA
-61.68;56.55;NAIN;8502799;2017-04-22 21:00;2017;4;22;21:00;-0.4;;-3.1;;82;;0.0;;14;;29;;;;102.24;;;;-7;;NA
-61.68;56.55;NAIN;8502799;2017-04-22 22:00;2017;4;22;22:00;-0.5;;-3.3;;82;;0.0;;14;;31;;;;102.20;;;;-7;;NA
-61.68;56.55;NAIN;8502799;2017-04-22 23:00;2017;4;22;23:00;-0.8;;-3.3;;83;;0.0;;15;;33;;;;102.16;;;;-8;;NA
-61.68;56.55;NAIN;8502799;2017-04-23 00:00;2017;4;23;00:00;-1.2;;-3.3;;86;;0.0;;14;;32;;;;102.16;;;;-8;;NA
-61.68;56.55;NAIN;8502799;2017-04-23 01:00;2017;4;23;01:00;-1.6;;-3.6;;87;;0.0;;14;;28;;;;102.09;;;;-8;;NA
-61.68;56.55;NAIN;8502799;2017-04-23 02:00;2017;4;23;02:00;-1.6;;-3.8;;85;;0.0;;15;;27;;;;102.02;;;;-8;;NA
-61.68;56.55;NAIN;8502799;2017-04-23 03:00;2017;4;23;03:00;-1.3;;-3.8;;84;;0.0;;2;;13;;;;101.96;;;;-6;;NA
-61.68;56.55;NAIN;8502799;2017-04-23 04:00;2017;4;23;04:00;-2.3;;-4.2;;86;;0.0;;11;;16;;;;101.88;;;;-7;;NA
-61.68;56.55;NAIN;8502799;2017-04-23 05:00;2017;4;23;05:00;-2.9;;-4.7;;87;;0.0;;6;;8;;;;101.82;;;;-6;;NA
-61.68;56.55;NAIN;8502799;2017-04-23 06:00;2017;4;23;06:00;-3.2;;-4.8;;89;;0.0;;35;;3;;;;101.73;;;;-4;;NA
-61.68;56.55;NAIN;8502799;2017-04-23 07:00;2017;4;23;07:00;-3.6;;-5.0;;90;;0.0;;32;;4;;;;101.68;;;;-5;;NA
-61.68;56.55;NAIN;8502799;2017-04-23 08:00;2017;4;23;08:00;-4.7;;-5.9;;92;;0.0;;3;;3;;;;101.62;;;;-6;;NA
-61.68;56.55;NAIN;8502799;2017-04-23 09:00;2017;4;23;09:00;-4.9;;-5.9;;92;;0.0;;30;;5;;;;101.58;;;;-7;;NA
-61.68;56.55;NAIN;8502799;2017-04-23 10:00;2017;4;23;10:00;-3.5;;-4.8;;90;;0.0;;32;;6;;;;101.54;;;;-6;;NA
-61.68;56.55;NAIN;8502799;2017-04-23 11:00;2017;4;23;11:00;-2.8;;-4.8;;86;;0.0;;36;;1;;;;101.49;;;;-3;;NA
-61.68;56.55;NAIN;8502799;2017-04-23 12:00;2017;4;23;12:00;-2.0;;-4.4;;84;;0.0;;35;;2;;;;101.42;;;;-3;;NA
-61.68;56.55;NAIN;8502799;2017-04-23 13:00;2017;4;23;13:00;-1.6;;-4.1;;83;;0.0;;1;;3;;;;101.32;;;;-3;;NA
-61.68;56.55;NAIN;8502799;2017-04-23 14:00;2017;4;23;14:00;-0.9;;-3.2;;84;;0.0;;8;;10;;;;101.22;;;;-4;;NA
-61.68;56.55;NAIN;8502799;2017-04-23 15:00;2017;4;23;15:00;-0.1;;-3.4;;79;;0.0;;7;;9;;;;101.11;;;;-3;;NA
-61.68;56.55;NAIN;8502799;2017-04-23 16:00;2017;4;23;16:00;0.4;;-3.5;;75;;0.0;;6;;5;;;;100.97;;;;;;NA
-61.68;56.55;NAIN;8502799;2017-04-23 17:00;2017;4;23;17:00;0.8;;-3.8;;71;;0.0;;7;;5;;;;100.87;;;;;;NA
-61.68;56.55;NAIN;8502799;2017-04-23 18:00;2017;4;23;18:00;1.0;;-4.0;;69;;0.0;;10;;8;;;;100.79;;;;;;NA
-61.68;56.55;NAIN;8502799;2017-04-23 19:00;2017;4;23;19:00;0.9;;-3.9;;70;;0.0;;8;;7;;;;100.68;;;;;;NA
-61.68;56.55;NAIN;8502799;2017-04-23 20:00;2017;4;23;20:00;0.4;;-3.3;;76;;0.0;;8;;9;;;;100.58;;;;;;NA
-61.68;56.55;NAIN;8502799;2017-04-23 21:00;2017;4;23;21:00;0.3;;-2.9;;79;;0.0;;10;;7;;;;100.46;;;;;;NA
-61.68;56.55;NAIN;8502799;2017-04-23 22:00;2017;4;23;22:00;-0.1;;-3.4;;78;;0.0;;9;;5;;;;100.37;;;;-2;;NA
-61.68;56.55;NAIN;8502799;2017-04-23 23:00;2017;4;23;23:00;-1.5;;-4.8;;78;;0.0;;19;;3;;;;100.31;;;;-3;;NA
-61.68;56.55;NAIN;8502799;2017-04-24 00:00;2017;4;24;00:00;-1.6;;-4.8;;79;;0.0;;24;;3;;;;100.24;;;;-3;;NA
-61.68;56.55;NAIN;8502799;2017-04-24 01:00;2017;4;24;01:00;-3.0;;-5.2;;85;;0.0;;20;;11;;;;100.18;;;;-7;;NA
-61.68;56.55;NAIN;8502799;2017-04-24 02:00;2017;4;24;02:00;-2.0;;-4.8;;81;;0.0;;22;;10;;;;100.11;;;;-6;;NA
-61.68;56.55;NAIN;8502799;2017-04-24 03:00;2017;4;24;03:00;-3.5;;-5.6;;85;;0.0;;19;;7;;;;100.04;;;;-6;;NA
-61.68;56.55;NAIN;8502799;2017-04-24 04:00;2017;4;24;04:00;-2.0;;-4.4;;84;;0.0;;17;;6;;;;99.99;;;;-4;;NA
-61.68;56.55;NAIN;8502799;2017-04-24 05:00;2017;4;24;05:00;-2.7;;-5.1;;84;;0.0;;7;;8;;;;99.91;;;;-6;;NA
-61.68;56.55;NAIN;8502799;2017-04-24 06:00;2017;4;24;06:00;-3.7;;-5.4;;88;;0.0;;36;;4;;;;99.82;;;;-5;;NA
-61.68;56.55;NAIN;8502799;2017-04-24 07:00;2017;4;24;07:00;-3.7;;-5.6;;87;;0.0;;32;;4;;;;99.75;;;;-5;;NA
-61.68;56.55;NAIN;8502799;2017-04-24 08:00;2017;4;24;08:00;-3.5;;-5.1;;89;;0.0;;5;;2;;;;99.72;;;;-4;;NA
-61.68;56.55;NAIN;8502799;2017-04-24 09:00;2017;4;24;09:00;-3.7;;-5.0;;91;;0.0;;35;;6;;;;99.67;;;;-6;;NA
-61.68;56.55;NAIN;8502799;2017-04-24 10:00;2017;4;24;10:00;-3.7;;-4.8;;92;;0.2;;1;;1;;;;99.63;;;;-4;;NA
-61.68;56.55;NAIN;8502799;2017-04-24 11:00;2017;4;24;11:00;-2.7;;-4.1;;90;;0.7;;24;;9;;;;99.66;;;;-6;;NA
-61.68;56.55;NAIN;8502799;2017-04-24 12:00;2017;4;24;12:00;-4.9;;-7.8;;80;;0.3;;29;;46;;;;99.73;;;;-14;;NA
-61.68;56.55;NAIN;8502799;2017-04-24 13:00;2017;4;24;13:00;-6.4;;-10.0;;75;;0.0;;29;;44;;;;99.79;;;;-16;;NA
-61.68;56.55;NAIN;8502799;2017-04-24 14:00;2017;4;24;14:00;-6.9;;-11.0;;72;;0.0;;28;;47;;;;99.81;;;;-17;;NA
-61.68;56.55;NAIN;8502799;2017-04-24 15:00;2017;4;24;15:00;-7.4;;-11.6;;72;;0.0;;28;;47;;;;99.83;;;;-18;;NA
-61.68;56.55;NAIN;8502799;2017-04-24 16:00;2017;4;24;16:00;-7.6;;-11.2;;75;;0.0;;29;;45;;;;99.85;;;;-18;;NA
-61.68;56.55;NAIN;8502799;2017-04-24 17:00;2017;4;24;17:00;-7.1;;-11.5;;71;;0.2;;29;;54;;;;99.89;;;;-18;;NA
-61.68;56.55;NAIN;8502799;2017-04-24 18:00;2017;4;24;18:00;-6.8;;-11.2;;71;;0.0;;29;;49;;;;99.96;;;;-17;;NA
-61.68;56.55;NAIN;8502799;2017-04-24 19:00;2017;4;24;19:00;-7.3;;-11.8;;70;;0.0;;29;;52;;;;100.01;;;;-18;;NA
-61.68;56.55;NAIN;8502799;2017-04-24 20:00;2017;4;24;20:00;-7.6;;-12.0;;71;;0.0;;29;;57;;;;100.07;;;;-19;;NA
-61.68;56.55;NAIN;8502799;2017-04-24 21:00;2017;4;24;21:00;-8.2;;-11.2;;79;;0.3;;28;;43;;;;100.09;;;;-19;;NA
-61.68;56.55;NAIN;8502799;2017-04-24 22:00;2017;4;24;22:00;-8.5;;-12.1;;75;;0.0;;28;;44;;;;100.12;;;;-19;;NA
-61.68;56.55;NAIN;8502799;2017-04-24 23:00;2017;4;24;23:00;-8.9;;-11.2;;83;;0.2;;29;;47;;;;100.13;;;;-20;;NA
-61.68;56.55;NAIN;8502799;2017-04-25 00:00;2017;4;25;00:00;-8.7;;-12.4;;75;;0.0;;29;;55;;;;100.16;;;;-20;;NA
-61.68;56.55;NAIN;8502799;2017-04-25 01:00;2017;4;25;01:00;-8.6;;-13.2;;69;;0.0;;29;;62;;;;100.19;;;;-21;;NA
-61.68;56.55;NAIN;8502799;2017-04-25 02:00;2017;4;25;02:00;-8.8;;-13.9;;67;;0.0;;29;;58;;;;100.20;;;;-21;;NA
-61.68;56.55;NAIN;8502799;2017-04-25 03:00;2017;4;25;03:00;-9.2;;-14.0;;68;;0.0;;29;;55;;;;100.22;;;;-21;;NA
-61.68;56.55;NAIN;8502799;2017-04-25 04:00;2017;4;25;04:00;-9.5;;-14.2;;69;;0.0;;28;;50;;;;100.23;;;;-21;;NA
-61.68;56.55;NAIN;8502799;2017-04-25 05:00;2017;4;25;05:00;-9.8;;-15.0;;66;;0.0;;28;;49;;;;100.26;;;;-21;;NA
-61.68;56.55;NAIN;8502799;2017-04-25 06:00;2017;4;25;06:00;-10.0;;-15.4;;64;;0.0;;29;;51;;;;100.27;;;;-22;;NA
-61.68;56.55;NAIN;8502799;2017-04-25 07:00;2017;4;25;07:00;-9.6;;-14.4;;68;;0.0;;29;;53;;;;100.28;;;;-21;;NA
-61.68;56.55;NAIN;8502799;2017-04-25 08:00;2017;4;25;08:00;-9.2;;-14.2;;67;;0.0;;29;;52;;;;100.39;;;;-21;;NA
-61.68;56.55;NAIN;8502799;2017-04-25 09:00;2017;4;25;09:00;-8.4;;-13.4;;67;;0.0;;30;;48;;;;100.47;;;;-19;;NA
-61.68;56.55;NAIN;8502799;2017-04-25 10:00;2017;4;25;10:00;-7.0;;-11.9;;68;;0.0;;30;;57;;;;100.62;;;;-18;;NA
-61.68;56.55;NAIN;8502799;2017-04-25 11:00;2017;4;25;11:00;-6.1;;-11.6;;65;;0.0;;29;;41;;;;100.76;;;;-16;;NA
-61.68;56.55;NAIN;8502799;2017-04-25 12:00;2017;4;25;12:00;-6.9;;-12.7;;63;;0.0;;29;;59;;;;100.90;;;;-18;;NA
-61.68;56.55;NAIN;8502799;2017-04-25 13:00;2017;4;25;13:00;-7.0;;-12.8;;63;;0.0;;29;;59;;;;101.09;;;;-18;;NA
-61.68;56.55;NAIN;8502799;2017-04-25 14:00;2017;4;25;14:00;-6.5;;-12.9;;60;;0.0;;28;;40;;;;101.26;;;;-16;;NA
-61.68;56.55;NAIN;8502799;2017-04-25 15:00;2017;4;25;15:00;-6.3;;-12.8;;60;;0.0;;30;;56;;;;101.31;;;;-17;;NA
-61.68;56.55;NAIN;8502799;2017-04-25 16:00;2017;4;25;16:00;-5.8;;-12.4;;60;;0.0;;29;;29;;;;101.45;;;;-14;;NA
-61.68;56.55;NAIN;8502799;2017-04-25 17:00;2017;4;25;17:00;-5.2;;-12.0;;59;;0.0;;28;;44;;;;101.49;;;;-15;;NA
-61.68;56.55;NAIN;8502799;2017-04-25 18:00;2017;4;25;18:00;-5.3;;-11.7;;60;;0.0;;29;;52;;;;101.53;;;;-16;;NA
-61.68;56.55;NAIN;8502799;2017-04-25 19:00;2017;4;25;19:00;-5.7;;-12.1;;61;;0.0;;28;;62;;;;101.55;;;;-17;;NA
-61.68;56.55;NAIN;8502799;2017-04-25 20:00;2017;4;25;20:00;-5.6;;-12.2;;60;;0.0;;28;;52;;;;101.72;;;;-16;;NA
-61.68;56.55;NAIN;8502799;2017-04-25 21:00;2017;4;25;21:00;-6.1;;-12.9;;58;;0.0;;28;;68;;;;101.77;;;;-18;;NA
-61.68;56.55;NAIN;8502799;2017-04-25 22:00;2017;4;25;22:00;-7.3;;-14.0;;59;;0.0;;28;;61;;;;101.83;;;;-19;;NA
-61.68;56.55;NAIN;8502799;2017-04-25 23:00;2017;4;25;23:00;-7.6;;-14.5;;58;;0.0;;28;;45;;;;101.97;;;;-18;;NA
-61.68;56.55;NAIN;8502799;2017-04-26 00:00;2017;4;26;00:00;-8.1;;-15.0;;57;;0.0;;28;;41;;;;102.02;;;;-18;;NA
-61.68;56.55;NAIN;8502799;2017-04-26 01:00;2017;4;26;01:00;-8.7;;-15.7;;57;;0.0;;26;;37;;;;102.01;;;;-19;;NA
-61.68;56.55;NAIN;8502799;2017-04-26 02:00;2017;4;26;02:00;-9.0;;-16.7;;54;;0.0;;28;;39;;;;101.92;;;;-19;;NA
-61.68;56.55;NAIN;8502799;2017-04-26 03:00;2017;4;26;03:00;-9.4;;-17.1;;53;;0.0;;27;;56;;;;101.85;;;;-21;;NA
-61.68;56.55;NAIN;8502799;2017-04-26 04:00;2017;4;26;04:00;-9.5;;-17.3;;53;;0.0;;27;;57;;;;101.85;;;;-22;;NA
-61.68;56.55;NAIN;8502799;2017-04-26 05:00;2017;4;26;05:00;-10.0;;-17.9;;52;;0.0;;31;;32;;;;102.00;;;;-20;;NA
-61.68;56.55;NAIN;8502799;2017-04-26 06:00;2017;4;26;06:00;-10.2;;-18.7;;50;;0.0;;29;;61;;;;101.91;;;;-23;;NA
-61.68;56.55;NAIN;8502799;2017-04-26 07:00;2017;4;26;07:00;-10.8;;-18.3;;54;;0.0;;29;;24;;;;101.98;;;;-20;;NA
-61.68;56.55;NAIN;8502799;2017-04-26 08:00;2017;4;26;08:00;-11.3;;-18.5;;55;;0.0;;29;;30;;;;101.92;;;;-21;;NA
-61.68;56.55;NAIN;8502799;2017-04-26 09:00;2017;4;26;09:00;-11.3;;-18.4;;55;;0.0;;25;;4;;;;101.91;;;;-14;;NA
-61.68;56.55;NAIN;8502799;2017-04-26 10:00;2017;4;26;10:00;-11.5;;-18.0;;58;;0.0;;22;;7;;;;101.88;;;;-16;;NA
-61.68;56.55;NAIN;8502799;2017-04-26 11:00;2017;4;26;11:00;-11.0;;-17.6;;58;;0.0;;24;;8;;;;101.86;;;;-16;;NA
-61.68;56.55;NAIN;8502799;2017-04-26 12:00;2017;4;26;12:00;-10.0;;-17.4;;54;;0.0;;29;;16;;;;101.82;;;;-17;;NA
-61.68;56.55;NAIN;8502799;2017-04-26 13:00;2017;4;26;13:00;-10.2;;-17.7;;54;;0.0;;31;;22;;;;101.79;;;;-18;;NA
-61.68;56.55;NAIN;8502799;2017-04-26 14:00;2017;4;26;14:00;-8.7;;-17.6;;49;;0.0;;31;;34;;;;101.76;;;;-18;;NA
-61.68;56.55;NAIN;8502799;2017-04-26 15:00;2017;4;26;15:00;-7.3;;-17.4;;45;;0.0;;31;;32;;;;101.73;;;;-16;;NA
-61.68;56.55;NAIN;8502799;2017-04-26 16:00;2017;4;26;16:00;-7.9;;-16.9;;48;;0.0;;29;;36;;;;101.70;;;;-18;;NA
-61.68;56.55;NAIN;8502799;2017-04-26 17:00;2017;4;26;17:00;-7.3;;-16.4;;48;;0.0;;28;;30;;;;101.74;;;;-16;;NA
-61.68;56.55;NAIN;8502799;2017-04-26 18:00;2017;4;26;18:00;-7.5;;-17.2;;46;;0.0;;28;;33;;;;101.75;;;;-17;;NA
-61.68;56.55;NAIN;8502799;2017-04-26 19:00;2017;4;26;19:00;-8.0;;-16.6;;50;;0.0;;29;;48;;;;101.75;;;;-19;;NA
-61.68;56.55;NAIN;8502799;2017-04-26 20:00;2017;4;26;20:00;-8.1;;-17.8;;46;;0.0;;31;;41;;;;101.88;;;;-18;;NA
-61.68;56.55;NAIN;8502799;2017-04-26 21:00;2017;4;26;21:00;-8.9;;-17.6;;50;;0.0;;29;;54;;;;101.85;;;;-21;;NA
-61.68;56.55;NAIN;8502799;2017-04-26 22:00;2017;4;26;22:00;-9.7;;-18.4;;49;;0.0;;29;;53;;;;102.00;;;;-22;;NA
-61.68;56.55;NAIN;8502799;2017-04-26 23:00;2017;4;26;23:00;-10.3;;-18.3;;52;;0.0;;29;;53;;;;102.12;;;;-22;;NA
-61.68;56.55;NAIN;8502799;2017-04-27 00:00;2017;4;27;00:00;-10.8;;-18.8;;52;;0.0;;31;;41;;;;102.18;;;;-22;;NA
-61.68;56.55;NAIN;8502799;2017-04-27 01:00;2017;4;27;01:00;-11.1;;-19.0;;52;;0.0;;29;;38;;;;102.25;;;;-22;;NA
-61.68;56.55;NAIN;8502799;2017-04-27 02:00;2017;4;27;02:00;-11.0;;-18.5;;54;;0.0;;30;;36;;;;102.28;;;;-22;;NA
-61.68;56.55;NAIN;8502799;2017-04-27 03:00;2017;4;27;03:00;-11.2;;-18.1;;57;;0.0;;30;;57;;;;102.30;;;;-24;;NA
-61.68;56.55;NAIN;8502799;2017-04-27 04:00;2017;4;27;04:00;-11.6;;-18.6;;56;;0.0;;30;;53;;;;102.33;;;;-24;;NA
-61.68;56.55;NAIN;8502799;2017-04-27 05:00;2017;4;27;05:00;-11.5;;-19.1;;53;;0.0;;31;;72;;;;102.30;;;;-26;;NA
-61.68;56.55;NAIN;8502799;2017-04-27 06:00;2017;4;27;06:00;-11.8;;-19.2;;55;;0.0;;30;;58;;;;102.44;;;;-25;;NA
-61.68;56.55;NAIN;8502799;2017-04-27 07:00;2017;4;27;07:00;-12.0;;-19.3;;55;;0.0;;30;;57;;;;102.50;;;;-25;;NA
-61.68;56.55;NAIN;8502799;2017-04-27 08:00;2017;4;27;08:00;-12.5;;-19.6;;55;;0.0;;28;;39;;;;102.55;;;;-24;;NA
-61.68;56.55;NAIN;8502799;2017-04-27 09:00;2017;4;27;09:00;-12.3;;-19.7;;54;;0.0;;29;;38;;;;102.64;;;;-24;;NA
-61.68;56.55;NAIN;8502799;2017-04-27 10:00;2017;4;27;10:00;-11.9;;-19.5;;53;;0.0;;27;;21;;;;102.68;;;;-20;;NA
-61.68;56.55;NAIN;8502799;2017-04-27 11:00;2017;4;27;11:00;-10.6;;-19.4;;48;;0.0;;30;;22;;;;102.70;;;;-19;;NA
-61.68;56.55;NAIN;8502799;2017-04-27 12:00;2017;4;27;12:00;-9.0;;-19.0;;44;;0.0;;30;;21;;;;102.75;;;;-17;;NA
-61.68;56.55;NAIN;8502799;2017-04-27 13:00;2017;4;27;13:00;-7.4;;-17.8;;43;;0.0;;29;;17;;;;102.74;;;;-14;;NA
-61.68;56.55;NAIN;8502799;2017-04-27 14:00;2017;4;27;14:00;-6.9;;-16.3;;47;;0.0;;27;;19;;;;102.76;;;;-14;;NA
-61.68;56.55;NAIN;8502799;2017-04-27 15:00;2017;4;27;15:00;-5.4;;-15.9;;43;;0.0;;28;;26;;;;102.77;;;;-13;;NA
-61.68;56.55;NAIN;8502799;2017-04-27 16:00;2017;4;27;16:00;-4.5;;-17.3;;36;;0.0;;30;;19;;;;102.74;;;;-11;;NA
-61.68;56.55;NAIN;8502799;2017-04-27 17:00;2017;4;27;17:00;-4.1;;-14.6;;44;;0.0;;29;;22;;;;102.69;;;;-11;;NA
-61.68;56.55;NAIN;8502799;2017-04-27 18:00;2017;4;27;18:00;-3.5;;-14.7;;41;;0.0;;29;;25;;;;102.71;;;;-10;;NA
-61.68;56.55;NAIN;8502799;2017-04-27 19:00;2017;4;27;19:00;-2.7;;-16.1;;35;;0.0;;30;;24;;;;102.71;;;;-9;;NA
-61.68;56.55;NAIN;8502799;2017-04-27 20:00;2017;4;27;20:00;-2.9;;-15.5;;37;;0.0;;30;;23;;;;102.69;;;;-9;;NA
-61.68;56.55;NAIN;8502799;2017-04-27 21:00;2017;4;27;21:00;-2.9;;-13.6;;43;;0.0;;27;;14;;;;102.65;;;;-8;;NA
-61.68;56.55;NAIN;8502799;2017-04-27 22:00;2017;4;27;22:00;-3.6;;-13.9;;45;;0.0;;25;;11;;;;102.66;;;;-8;;NA
-61.68;56.55;NAIN;8502799;2017-04-27 23:00;2017;4;27;23:00;-4.8;;-14.0;;49;;0.0;;23;;17;;;;102.68;;;;-11;;NA
-61.68;56.55;NAIN;8502799;2017-04-28 00:00;2017;4;28;00:00;-6.3;;-13.7;;56;;0.0;;21;;5;;;;102.66;;;;-9;;NA
-61.68;56.55;NAIN;8502799;2017-04-28 01:00;2017;4;28;01:00;-6.8;;-14.3;;55;;0.0;;31;;5;;;;102.64;;;;-9;;NA
-61.68;56.55;NAIN;8502799;2017-04-28 02:00;2017;4;28;02:00;-8.3;;-14.2;;62;;0.0;;20;;6;;;;102.61;;;;-12;;NA
-61.68;56.55;NAIN;8502799;2017-04-28 03:00;2017;4;28;03:00;-9.2;;-14.3;;67;;0.0;;17;;5;;;;102.59;;;;-12;;NA
-61.68;56.55;NAIN;8502799;2017-04-28 04:00;2017;4;28;04:00;-9.9;;-14.3;;71;;0.0;;15;;4;;;;102.57;;;;-12;;NA
-61.68;56.55;NAIN;8502799;2017-04-28 05:00;2017;4;28;05:00;-9.0;;-14.8;;63;;0.0;;34;;4;;;;102.51;;;;-11;;NA
-61.68;56.55;NAIN;8502799;2017-04-28 06:00;2017;4;28;06:00;-10.5;;-14.5;;72;;0.0;;32;;4;;;;102.49;;;;-13;;NA
-61.68;56.55;NAIN;8502799;2017-04-28 07:00;2017;4;28;07:00;-9.4;;-15.4;;62;;0.0;;25;;7;;;;102.46;;;;-13;;NA
-61.68;56.55;NAIN;8502799;2017-04-28 08:00;2017;4;28;08:00;-9.1;;-13.8;;69;;0.0;;32;;3;;;;102.42;;;;-11;;NA
-61.68;56.55;NAIN;8502799;2017-04-28 09:00;2017;4;28;09:00;-8.0;;-15.7;;54;;0.0;;33;;4;;;;102.41;;;;-10;;NA
-61.68;56.55;NAIN;8502799;2017-04-28 10:00;2017;4;28;10:00;-7.2;;-15.7;;50;;0.0;;33;;3;;;;102.34;;;;-9;;NA
-61.68;56.55;NAIN;8502799;2017-04-28 11:00;2017;4;28;11:00;-6.2;;-15.2;;49;;0.0;;29;;6;;;;102.33;;;;-9;;NA
-61.68;56.55;NAIN;8502799;2017-04-28 12:00;2017;4;28;12:00;-5.2;;-14.7;;47;;0.0;;18;;3;;;;102.28;;;;-7;;NA
-61.68;56.55;NAIN;8502799;2017-04-28 13:00;2017;4;28;13:00;-3.8;;-14.1;;45;;0.0;;24;;7;;;;102.15;;;;-7;;NA
-61.68;56.55;NAIN;8502799;2017-04-28 14:00;2017;4;28;14:00;-3.7;;-12.3;;51;;0.0;;34;;2;;;;102.13;;;;-5;;NA
-61.68;56.55;NAIN;8502799;2017-04-28 15:00;2017;4;28;15:00;-2.9;;-10.9;;54;;0.0;;8;;5;;;;102.03;;;;-5;;NA
-61.68;56.55;NAIN;8502799;2017-04-28 16:00;2017;4;28;16:00;-4.1;;-10.0;;63;;0.0;;4;;4;;;;101.92;;;;-6;;NA
-61.68;56.55;NAIN;8502799;2017-04-28 17:00;2017;4;28;17:00;-3.3;;-8.5;;67;;0.0;;8;;7;;;;101.77;;;;-6;;NA
-61.68;56.55;NAIN;8502799;2017-04-28 18:00;2017;4;28;18:00;-3.2;;-7.9;;70;;0.0;;6;;13;;;;101.71;;;;-8;;NA
-61.68;56.55;NAIN;8502799;2017-04-28 19:00;2017;4;28;19:00;-2.8;;-5.7;;81;;0.0;;9;;17;;;;101.59;;;;-8;;NA
-61.68;56.55;NAIN;8502799;2017-04-28 20:00;2017;4;28;20:00;-1.9;;-4.1;;85;;0.0;;13;;22;;;;101.44;;;;-8;;NA
-61.68;56.55;NAIN;8502799;2017-04-28 21:00;2017;4;28;21:00;-2.7;;-5.0;;84;;0.0;;13;;29;;;;101.34;;;;-10;;NA
-61.68;56.55;NAIN;8502799;2017-04-28 22:00;2017;4;28;22:00;-2.7;;-5.3;;82;;0.0;;14;;25;;;;101.19;;;;-9;;NA
-61.68;56.55;NAIN;8502799;2017-04-28 23:00;2017;4;28;23:00;-2.9;;-4.6;;88;;0.0;;10;;28;;;;101.00;;;;-10;;NA
-61.68;56.55;NAIN;8502799;2017-04-29 00:00;2017;4;29;00:00;-1.9;;-2.9;;93;;0.4;;14;;8;;;;100.89;;;;-5;;NA
-61.68;56.55;NAIN;8502799;2017-04-29 01:00;2017;4;29;01:00;-1.0;;-1.8;;94;;2.3;;13;;7;;;;100.65;;;;-4;;NA
-61.68;56.55;NAIN;8502799;2017-04-29 02:00;2017;4;29;02:00;-0.7;;-1.5;;94;;0.8;;14;;3;;;;100.51;;;;-2;;NA
-61.68;56.55;NAIN;8502799;2017-04-29 03:00;2017;4;29;03:00;-0.4;;-1.2;;95;;0.0;;14;;2;;;;100.30;;;;-1;;NA
-61.68;56.55;NAIN;8502799;2017-04-29 04:00;2017;4;29;04:00;-0.5;;-1.2;;95;;0.0;;14;;2;;;;100.12;;;;-1;;NA
-61.68;56.55;NAIN;8502799;2017-04-29 05:00;2017;4;29;05:00;-0.3;;-0.9;;96;;0.0;;16;;2;;;;99.97;;;;-1;;NA
-61.68;56.55;NAIN;8502799;2017-04-29 06:00;2017;4;29;06:00;-0.2;;-1.0;;95;;0.0;;0;;1;;;;99.83;;;;-1;;NA
-61.68;56.55;NAIN;8502799;2017-04-29 07:00;2017;4;29;07:00;-0.2;;-0.8;;95;;0.0;;;;0;;;;99.71;;;;;;NA
-61.68;56.55;NAIN;8502799;2017-04-29 08:00;2017;4;29;08:00;-0.2;;-0.9;;95;;0.0;;;;0;;;;99.61;;;;;;NA
-61.68;56.55;NAIN;8502799;2017-04-29 09:00;2017;4;29;09:00;-0.2;;-0.8;;96;;0.3;;;;0;;;;99.56;;;;;;NA
-61.68;56.55;NAIN;8502799;2017-04-29 10:00;2017;4;29;10:00;0.1;;-0.8;;94;;0.0;;22;;1;;;;99.52;;;;;;NA
-61.68;56.55;NAIN;8502799;2017-04-29 11:00;2017;4;29;11:00;0.6;;-0.9;;90;;2.2;;;;0;;;;99.43;;;;;;NA
-61.68;56.55;NAIN;8502799;2017-04-29 12:00;2017;4;29;12:00;1.5;;-0.3;;88;;1.3;;34;;3;;;;99.35;;;;;;NA
-61.68;56.55;NAIN;8502799;2017-04-29 13:00;2017;4;29;13:00;2.3;;0.4;;88;;0.0;;31;;5;;;;99.28;;;;;;NA
-61.68;56.55;NAIN;8502799;2017-04-29 14:00;2017;4;29;14:00;4.5;;1.8;;83;;0.0;;29;;10;;;;99.21;;;;;;NA
-61.68;56.55;NAIN;8502799;2017-04-29 15:00;2017;4;29;15:00;4.7;;1.6;;80;;0.0;;26;;23;;;;99.20;;;;;;NA
-61.68;56.55;NAIN;8502799;2017-04-29 16:00;2017;4;29;16:00;5.1;;0.0;;69;;0.0;;29;;37;;;;99.17;;;;;;NA
-61.68;56.55;NAIN;8502799;2017-04-29 17:00;2017;4;29;17:00;5.0;;-0.9;;66;;0.0;;29;;30;;;;99.23;;;;;;NA
-61.68;56.55;NAIN;8502799;2017-04-29 18:00;2017;4;29;18:00;4.8;;-1.3;;65;;0.0;;30;;30;;;;99.27;;;;;;NA
-61.68;56.55;NAIN;8502799;2017-04-29 19:00;2017;4;29;19:00;5.3;;-2.2;;59;;0.0;;30;;33;;;;99.26;;;;;;NA
-61.68;56.55;NAIN;8502799;2017-04-29 20:00;2017;4;29;20:00;5.1;;-1.8;;61;;0.0;;29;;24;;;;99.28;;;;;;NA
-61.68;56.55;NAIN;8502799;2017-04-29 21:00;2017;4;29;21:00;4.7;;-1.8;;63;;0.0;;30;;23;;;;99.33;;;;;;NA
-61.68;56.55;NAIN;8502799;2017-04-29 22:00;2017;4;29;22:00;3.8;;-2.2;;65;;0.0;;29;;26;;;;99.37;;;;;;NA
-61.68;56.55;NAIN;8502799;2017-04-29 23:00;2017;4;29;23:00;1.0;;-5.4;;62;;0.0;;30;;54;;;;99.52;;;;;;NA
-61.68;56.55;NAIN;8502799;2017-04-30 00:00;2017;4;30;00:00;-0.5;;-7.4;;60;;0.0;;29;;49;;;;99.61;;;;-9;;NA
-61.68;56.55;NAIN;8502799;2017-04-30 01:00;2017;4;30;01:00;-1.4;;-7.9;;61;;0.0;;30;;60;;;;99.76;;;;-11;;NA
-61.68;56.55;NAIN;8502799;2017-04-30 02:00;2017;4;30;02:00;-2.7;;-9.5;;60;;0.0;;30;;68;;;;99.90;;;;-13;;NA
-61.68;56.55;NAIN;8502799;2017-04-30 03:00;2017;4;30;03:00;-4.1;;-10.6;;60;;0.0;;30;;65;;;;100.06;;;;-15;;NA
-61.68;56.55;NAIN;8502799;2017-04-30 04:00;2017;4;30;04:00;-5.0;;-11.0;;62;;0.0;;30;;69;;;;100.12;;;;-16;;NA
-61.68;56.55;NAIN;8502799;2017-04-30 05:00;2017;4;30;05:00;-6.0;;-13.0;;57;;0.0;;30;;71;;;;100.22;;;;-18;;NA
-61.68;56.55;NAIN;8502799;2017-04-30 06:00;2017;4;30;06:00;-7.0;;-13.4;;60;;0.0;;30;;68;;;;100.31;;;;-19;;NA
-61.68;56.55;NAIN;8502799;2017-04-30 07:00;2017;4;30;07:00;-7.7;;-14.0;;61;;0.0;;29;;55;;;;100.49;;;;-19;;NA
-61.68;56.55;NAIN;8502799;2017-04-30 08:00;2017;4;30;08:00;-7.6;;-14.4;;58;;0.0;;31;;75;;;;100.53;;;;-20;;NA
-61.68;56.55;NAIN;8502799;2017-04-30 09:00;2017;4;30;09:00;-8.1;;-14.3;;61;;0.0;;31;;72;;;;100.61;;;;-21;;NA
-61.68;56.55;NAIN;8502799;2017-04-30 10:00;2017;4;30;10:00;-7.7;;-14.8;;57;;0.0;;31;;74;;;;100.76;;;;-20;;NA
-61.68;56.55;NAIN;8502799;2017-04-30 11:00;2017;4;30;11:00;-7.5;;-14.7;;57;;0.0;;30;;77;;;;100.83;;;;-20;;NA
-61.68;56.55;NAIN;8502799;2017-04-30 12:00;2017;4;30;12:00;-7.3;;-14.7;;55;;0.0;;30;;70;;;;100.99;;;;-20;;NA
-61.68;56.55;NAIN;8502799;2017-04-30 13:00;2017;4;30;13:00;-7.2;;-14.5;;56;;0.0;;29;;62;;;;101.12;;;;-19;;NA
-61.68;56.55;NAIN;8502799;2017-04-30 14:00;2017;4;30;14:00;-6.5;;-13.3;;58;;0.0;;29;;56;;;;101.17;;;;-17;;NA
-61.68;56.55;NAIN;8502799;2017-04-30 15:00;2017;4;30;15:00;-6.3;;-13.4;;57;;0.0;;29;;60;;;;101.18;;;;-17;;NA
-61.68;56.55;NAIN;8502799;2017-04-30 16:00;2017;4;30;16:00;-5.8;;-12.8;;58;;0.0;;30;;61;;;;101.21;;;;-17;;NA
-61.68;56.55;NAIN;8502799;2017-04-30 17:00;2017;4;30;17:00;-5.6;;-13.1;;56;;0.0;;29;;73;;;;101.25;;;;-17;;NA
-61.68;56.55;NAIN;8502799;2017-04-30 18:00;2017;4;30;18:00;-4.8;;-12.5;;55;;0.0;;29;;51;;;;101.40;;;;-15;;NA
-61.68;56.55;NAIN;8502799;2017-04-30 19:00;2017;4;30;19:00;-4.5;;-12.8;;52;;0.0;;30;;60;;;;101.39;;;;-15;;NA
-61.68;56.55;NAIN;8502799;2017-04-30 20:00;2017;4;30;20:00;-4.6;;-13.7;;49;;0.0;;29;;55;;;;101.43;;;;-15;;NA
-61.68;56.55;NAIN;8502799;2017-04-30 21:00;2017;4;30;21:00;-4.8;;-13.2;;52;;0.0;;30;;59;;;;101.47;;;;-15;;NA
-61.68;56.55;NAIN;8502799;2017-04-30 22:00;2017;4;30;22:00;-5.3;;-13.4;;53;;0.0;;31;;45;;;;101.52;;;;-15;;NA
-61.68;56.55;NAIN;8502799;2017-04-30 23:00;2017;4;30;23:00;-6.1;;-13.6;;55;;0.0;;30;;51;;;;101.53;;;;-17;;NA
